id,name,release_date,url,steamDb_releaseDate-0708,followers-0708,steamDb_releaseDate-0709,followers-0709,steamDb_releaseDate-0710,followers-0710
2229370,Titan Force,"31 Jul, 2026",https://store.steampowered.com/app/2229370/Titan_Force/?snr=1_7_7_comingsoon_150_68,31 July 2026 – 16:00:00 UTC,181,31 July 2026 – 16:00:00 UTC,182,31 July 2026 – 16:00:00 UTC,182
4654380,A Slime Called Quest,"31 Jul, 2026",https://store.steampowered.com/app/4654380/A_Slime_Called_Quest/?snr=1_7_7_comingsoon_150_68,31 July 2026 – 16:00:00 UTC,1,31 July 2026 – 16:00:00 UTC,1,31 July 2026 – 16:00:00 UTC,1
4452670,Rocket Man X,"31 Jul, 2026",https://store.steampowered.com/app/4452670/Rocket_Man_X/?snr=1_7_7_comingsoon_150_68,31 July 2026 – 16:00:00 UTC,6,31 July 2026 – 16:00:00 UTC,6,31 July 2026 – 16:00:00 UTC,6
4333900,FROGGLE,"31 Jul, 2026",https://store.steampowered.com/app/4333900/FROGGLE/?snr=1_7_7_comingsoon_150_68,31 July 2026 – 16:00:00 UTC,29,31 July 2026 – 16:00:00 UTC,29,31 July 2026 – 16:00:00 UTC,29
4210100,AENIGMA,"31 Jul, 2026",https://store.steampowered.com/app/4210100/AENIGMA/?snr=1_7_7_comingsoon_150_68,31 July 2026 – 16:00:00 UTC,63,31 July 2026 – 16:00:00 UTC,63,31 July 2026 – 16:00:00 UTC,63
4432790,Cosmic Crusher,"31 Jul, 2026",https://store.steampowered.com/app/4432790/Cosmic_Crusher/?snr=1_7_7_comingsoon_150_68,31 July 2026 – 16:00:00 UTC,14,31 July 2026 – 16:00:00 UTC,14,31 July 2026 – 16:00:00 UTC,14
1892630,Occulto,"31 Jul, 2026",https://store.steampowered.com/app/1892630/Occulto/?snr=1_7_7_comingsoon_150_68,31 July 2026 – 16:00:00 UTC,306,31 July 2026 – 16:00:00 UTC,311,31 July 2026 – 16:00:00 UTC,311
4405090,Flocked and Loaded,"31 Jul, 2026",https://store.steampowered.com/app/4405090/Flocked_and_Loaded/?snr=1_7_7_comingsoon_150_68,31 July 2026 – 16:00:00 UTC,19,31 July 2026 – 16:00:00 UTC,19,31 July 2026 – 16:00:00 UTC,19
4419760,Falling Cubes,"31 Jul, 2026",https://store.steampowered.com/app/4419760/Falling_Cubes/?snr=1_7_7_comingsoon_150_68,31 July 2026 – 16:00:00 UTC,4,31 July 2026 – 16:00:00 UTC,4,31 July 2026 – 16:00:00 UTC,4
4787910,CypherWars,"31 Jul, 2026",https://store.steampowered.com/app/4787910/CypherWars/?snr=1_7_7_comingsoon_150_68,31 July 2026 – 16:50:00 UTC,3,31 July 2026 – 16:50:00 UTC,3,31 July 2026 – 16:50:00 UTC,3
4800160,Mr. E's Magic Maze,"31 Jul, 2026",https://store.steampowered.com/app/4800160/Mr_Es_Magic_Maze/?snr=1_7_7_comingsoon_150_68,31 July 2026 – 16:57:00 UTC,1,31 July 2026 – 16:57:00 UTC,1,31 July 2026 – 16:57:00 UTC,1
4412000,Zad Archery,"31 Jul, 2026",https://store.steampowered.com/app/4412000/Zad_Archery/?snr=1_7_7_comingsoon_150_68,31 July 2026 – 16:58:00 UTC,687,31 July 2026 – 16:58:00 UTC,687,31 July 2026 – 16:58:00 UTC,687
3728940,Muse Corner,"31 Jul, 2026",https://store.steampowered.com/app/3728940/Muse_Corner/?snr=1_7_7_comingsoon_150_68,31 July 2026 – 17:00:00 UTC,21,31 July 2026 – 17:00:00 UTC,21,31 July 2026 – 17:00:00 UTC,21
3664090,Wavecrashers,"31 Jul, 2026",https://store.steampowered.com/app/3664090/Wavecrashers/?snr=1_7_7_comingsoon_150_68,31 July 2026 – 17:00:00 UTC,189,31 July 2026 – 17:00:00 UTC,189,31 July 2026 – 17:00:00 UTC,189
3225320,Ocean Survivors,"31 Jul, 2026",https://store.steampowered.com/app/3225320/Ocean_Survivors/?snr=1_7_7_comingsoon_150_68,31 July 2026 – 17:00:00 UTC,94,31 July 2026 – 17:00:00 UTC,94,31 July 2026 – 17:00:00 UTC,94
4423200,Mootation,"31 Jul, 2026",https://store.steampowered.com/app/4423200/Mootation/?snr=1_7_7_comingsoon_150_69,31 July 2026 – 17:00:00 UTC,21,31 July 2026 – 17:00:00 UTC,21,31 July 2026 – 17:00:00 UTC,21
4440710,Banana Republic,"31 Jul, 2026",https://store.steampowered.com/app/4440710/Banana_Republic/?snr=1_7_7_comingsoon_150_69,31 July 2026 – 17:00:00 UTC,17,31 July 2026 – 17:00:00 UTC,17,31 July 2026 – 17:00:00 UTC,17
3602630,Elders K.O.,"31 Jul, 2026",https://store.steampowered.com/app/3602630/Elders_KO/?snr=1_7_7_comingsoon_150_69,31 July 2026 – 17:00:00 UTC,338,31 July 2026 – 17:00:00 UTC,343,31 July 2026 – 17:00:00 UTC,343
4294860,Loot Frog,"31 Jul, 2026",https://store.steampowered.com/app/4294860/Loot_Frog/?snr=1_7_7_comingsoon_150_69,31 July 2026 – 17:00:00 UTC,220,31 July 2026 – 17:00:00 UTC,225,31 July 2026 – 17:00:00 UTC,225
4918800,Pago Forest 2: Frozen Memories,"31 Jul, 2026",https://store.steampowered.com/app/4918800/Pago_Forest_2_Frozen_Memories/?snr=1_7_7_comingsoon_150_69,31 July 2026 – 17:00:00 UTC,无,31 July 2026 – 17:00:00 UTC,无,31 July 2026 – 17:00:00 UTC,2
4708230,Tunnel Rot,"31 Jul, 2026",https://store.steampowered.com/app/4708230/Tunnel_Rot/?snr=1_7_7_comingsoon_150_69,31 July 2026 – 17:00:00 UTC,4,31 July 2026 – 17:00:00 UTC,4,31 July 2026 – 17:00:00 UTC,4
4480850,It's About Pirates Demo,"31 Jul, 2026",https://store.steampowered.com/app/4468540/Its_About_Pirates/?snr=1_7_7_comingsoon_150_69,31 July 2026 – 17:00:00 UTC,无,31 July 2026 – 17:00:00 UTC,无,31 July 2026 – 17:00:00 UTC,
4319660,Moon Garden,"31 Jul, 2026",https://store.steampowered.com/app/4319660/Moon_Garden/?snr=1_7_7_comingsoon_150_69,31 July 2026 – 17:00:00 UTC,112,31 July 2026 – 17:00:00 UTC,112,31 July 2026 – 17:00:00 UTC,112
4700560,The Girl in the Window,"31 Jul, 2026",https://store.steampowered.com/app/4700560/The_Girl_in_the_Window/?snr=1_7_7_comingsoon_150_69,31 July 2026 – 17:00:00 UTC,196,31 July 2026 – 17:00:00 UTC,203,31 July 2026 – 17:00:00 UTC,203
4871370,FLIP,"31 Jul, 2026",https://store.steampowered.com/app/4871370/FLIP/?snr=1_7_7_comingsoon_150_69,31 July 2026 – 17:00:00 UTC,2,31 July 2026 – 17:00:00 UTC,2,31 July 2026 – 17:00:00 UTC,2
1368140,Corsair Cove,"31 Jul, 2026",https://store.steampowered.com/app/1368140/Corsair_Cove/?snr=1_7_7_comingsoon_150_69,31 July 2026 – 17:00:00 UTC,24594,31 July 2026 – 17:00:00 UTC,24594,31 July 2026 – 17:00:00 UTC,24594
917820,Fairtravel Battle CCG,"31 Jul, 2026",https://store.steampowered.com/app/917820/Fairtravel_Battle_CCG/?snr=1_7_7_comingsoon_150_69,31 July 2026 – 17:00:00 UTC,281,31 July 2026 – 17:00:00 UTC,283,31 July 2026 – 17:00:00 UTC,283
4841500,Cosmic Survivor,"31 Jul, 2026",https://store.steampowered.com/app/4841500/Cosmic_Survivor/?snr=1_7_7_comingsoon_150_69,31 July 2026 – 17:00:00 UTC,3,31 July 2026 – 17:00:00 UTC,3,31 July 2026 – 17:00:00 UTC,3
4286660,Defrag Incremental,"31 Jul, 2026",https://store.steampowered.com/app/4286660/Defrag_Incremental/?snr=1_7_7_comingsoon_150_69,31 July 2026 – 17:55:00 UTC,147,31 July 2026 – 17:55:00 UTC,147,31 July 2026 – 17:55:00 UTC,147
3975440,Surviving The Island,"31 Jul, 2026",https://store.steampowered.com/app/3975440/Surviving_The_Island/?snr=1_7_7_comingsoon_150_69,31 July 2026 – 18:00:00 UTC,无,31 July 2026 – 18:00:00 UTC,无,31 July 2026 – 18:00:00 UTC,10
3347950,Knockout Battle,"31 Jul, 2026",https://store.steampowered.com/app/3347950/Knockout_Battle/?snr=1_7_7_comingsoon_150_69,31 July 2026 – 18:00:00 UTC,71,31 July 2026 – 18:00:00 UTC,73,31 July 2026 – 18:00:00 UTC,73
4404480,Appalachian Onslaught,"31 Jul, 2026",https://store.steampowered.com/app/4404480/Appalachian_Onslaught/?snr=1_7_7_comingsoon_150_69,31 July 2026 – 18:00:00 UTC,无,31 July 2026 – 18:00:00 UTC,9,31 July 2026 – 18:00:00 UTC,9
4519600,Scrap Battalion,"31 Jul, 2026",https://store.steampowered.com/app/4519600/Scrap_Battalion/?snr=1_7_7_comingsoon_150_69,31 July 2026 – 20:58:00 UTC,11,31 July 2026 – 20:58:00 UTC,11,31 July 2026 – 20:58:00 UTC,11
1162080,东周拟战,"31 Jul, 2026",https://store.steampowered.com/app/1162080/_/?snr=1_7_7_comingsoon_150_69,31 July 2026 – 21:00:00 UTC,98,31 July 2026 – 21:00:00 UTC,98,31 July 2026 – 21:00:00 UTC,98
2831170,Color Fear,"31 Jul, 2026",https://store.steampowered.com/app/2831170/Color_Fear/?snr=1_7_7_comingsoon_150_69,31 July 2026 – 21:30:00 UTC,380,31 July 2026 – 21:30:00 UTC,380,31 July 2026 – 21:30:00 UTC,380
2065400,Cloud Keeper: Shrine of Dal,"31 Jul, 2026",https://store.steampowered.com/app/2065400/Cloud_Keeper_Shrine_of_Dal/?snr=1_7_7_comingsoon_150_69,31 July 2026 – 22:00:00 UTC,188,31 July 2026 – 22:00:00 UTC,188,31 July 2026 – 22:00:00 UTC,188
4014700,Micro Rush,"31 Jul, 2026",https://store.steampowered.com/app/4014700/Micro_Rush/?snr=1_7_7_comingsoon_150_69,31 July 2026 – 22:00:00 UTC,6,31 July 2026 – 22:00:00 UTC,6,31 July 2026 – 22:00:00 UTC,6
4756740,Dinofurie | The Dinosaur's Battle Royale,"31 Jul, 2026",https://store.steampowered.com/app/4756740/Dinofurie__The_Dinosaurs_Battle_Royale/?snr=1_7_7_comingsoon_150_69,31 July 2026 – 23:00:00 UTC,无,31 July 2026 – 23:00:00 UTC,无,31 July 2026 – 23:00:00 UTC,12
4923520,DEFLEKT,"31 Jul, 2026",https://store.steampowered.com/app/4923520/DEFLEKT/?snr=1_7_7_comingsoon_150_69,1 August 2026 – 00:30:00 UTC,无,1 August 2026 – 00:30:00 UTC,2,1 August 2026 – 00:30:00 UTC,2
4188750,Surviving Day!,"31 Jul, 2026",https://store.steampowered.com/app/4188750/Surviving_Day/?snr=1_7_7_comingsoon_150_69,1 August 2026 – 02:15:00 UTC,8,1 August 2026 – 02:15:00 UTC,8,1 August 2026 – 02:15:00 UTC,8
4880140,Voidrend,"31 Jul, 2026",https://store.steampowered.com/app/4880140/Voidrend/?snr=1_7_7_comingsoon_150_70,1 August 2026 – 03:02:00 UTC,2,1 August 2026 – 03:02:00 UTC,2,1 August 2026 – 03:02:00 UTC,2
4710670,Gritrunner,"31 Jul, 2026",https://store.steampowered.com/app/4710670/Gritrunner/?snr=1_7_7_comingsoon_150_70,1 August 2026 – 03:30:00 UTC,2,1 August 2026 – 03:30:00 UTC,2,1 August 2026 – 03:30:00 UTC,2
4788440,Gosh Jam It,"31 Jul, 2026",https://store.steampowered.com/app/4788440/Gosh_Jam_It/?snr=1_7_7_comingsoon_150_70,1 August 2026 – 03:59:00 UTC,7,1 August 2026 – 03:59:00 UTC,7,1 August 2026 – 03:59:00 UTC,7
2627580,Freestyle Studio,"31 Jul, 2026",https://store.steampowered.com/app/2627580/Freestyle_Studio/?snr=1_7_7_comingsoon_150_70,1 August 2026 – 04:00:00 UTC,19,1 August 2026 – 04:00:00 UTC,19,1 August 2026 – 04:00:00 UTC,19
4889950,Reefling: A Cozy Desktop Aquarium,"31 Jul, 2026",https://store.steampowered.com/app/4889950/Reefling_A_Cozy_Desktop_Aquarium/?snr=1_7_7_comingsoon_150_70,1 August 2026 – 04:55:00 UTC,4,1 August 2026 – 04:55:00 UTC,4,1 August 2026 – 04:55:00 UTC,4
4575420,Push and Pull,"31 Jul, 2026",https://store.steampowered.com/app/4575420/Push_and_Pull/?snr=1_7_7_comingsoon_150_70,1 August 2026 – 05:00:00 UTC,6,1 August 2026 – 05:00:00 UTC,6,1 August 2026 – 05:00:00 UTC,6
2130050,Time Shock,"1 Aug, 2026",https://store.steampowered.com/app/2130050/Time_Shock/?snr=1_7_7_comingsoon_150_70,1 August 2026 – 07:00:00 UTC,46,1 August 2026 – 07:00:00 UTC,46,1 August 2026 – 07:00:00 UTC,46
4838500,天亮之后,"1 Aug, 2026",https://store.steampowered.com/app/4838500/_/?snr=1_7_7_comingsoon_150_70,1 August 2026 – 08:18:00 UTC,4,1 August 2026 – 08:18:00 UTC,4,1 August 2026 – 08:18:00 UTC,4
3351280,Tinker Shot,"1 Aug, 2026",https://store.steampowered.com/app/3351280/Tinker_Shot/?snr=1_7_7_comingsoon_150_70,1 August 2026 – 08:59:00 UTC,289,1 August 2026 – 08:59:00 UTC,289,1 August 2026 – 08:59:00 UTC,289
4251250,Rebels of the Realm Demo,"1 Aug, 2026",https://store.steampowered.com/app/4251250/Rebels_of_the_Realm_Demo/?snr=1_7_7_comingsoon_150_70,1 August 2026 – 15:00:00 UTC,无,1 August 2026 – 15:00:00 UTC,无,1 August 2026 – 15:00:00 UTC,
4813540,My Wukong,"1 Aug, 2026",https://store.steampowered.com/app/4813540/My_Wukong/?snr=1_7_7_comingsoon_150_70,1 August 2026 – 17:47:00 UTC,5,1 August 2026 – 17:47:00 UTC,5,1 August 2026 – 17:47:00 UTC,5
4402410,Duck Collector,"1 Aug, 2026",https://store.steampowered.com/app/4402410/Duck_Collector/?snr=1_7_7_comingsoon_150_70,1 August 2026 – 18:00:00 UTC,17,1 August 2026 – 18:00:00 UTC,17,1 August 2026 – 18:00:00 UTC,17
4862560,Sewer Side,"1 Aug, 2026",https://store.steampowered.com/app/4862560/Sewer_Side/?snr=1_7_7_comingsoon_150_70,1 August 2026 – 22:00:00 UTC,4,1 August 2026 – 22:00:00 UTC,4,1 August 2026 – 22:00:00 UTC,4
4535980,Talisman Codes,"2 Aug, 2026",https://store.steampowered.com/app/4535980/Talisman_Codes/?snr=1_7_7_comingsoon_150_70,2 August 2026 – 17:00:00 UTC,7,2 August 2026 – 17:00:00 UTC,7,2 August 2026 – 17:00:00 UTC,7
4314050,Soul Scroll,"2 Aug, 2026",https://store.steampowered.com/app/4314050/Soul_Scroll/?snr=1_7_7_comingsoon_150_70,2 August 2026 – 23:00:00 UTC,5,2 August 2026 – 23:00:00 UTC,6,2 August 2026 – 23:00:00 UTC,6
4513210,Maybe It Meant Something,"2 Aug, 2026",https://store.steampowered.com/app/4513210/Maybe_It_Meant_Something/?snr=1_7_7_comingsoon_150_70,3 August 2026 – 00:32:00 UTC,12,3 August 2026 – 00:32:00 UTC,12,3 August 2026 – 00:32:00 UTC,12
4878320,Dotty Bead: Mythical Beasts &amp; Divine Creatures,"2 Aug, 2026",https://store.steampowered.com/app/4878320/Dotty_Bead_Mythical_Beasts__Divine_Creatures/?snr=1_7_7_comingsoon_150_70,3 August 2026 – 01:00:00 UTC,无,3 August 2026 – 01:00:00 UTC,无,3 August 2026 – 01:00:00 UTC,
4872040,Dotty Bead: World-Famous Paintings,"2 Aug, 2026",https://store.steampowered.com/app/4872040/Dotty_Bead_WorldFamous_Paintings/?snr=1_7_7_comingsoon_150_70,3 August 2026 – 01:08:00 UTC,无,3 August 2026 – 01:08:00 UTC,无,3 August 2026 – 01:08:00 UTC,
4876230,Dotty Bead: Mysteries of Ancient Egypt,"2 Aug, 2026",https://store.steampowered.com/app/4876230/Dotty_Bead_Mysteries_of_Ancient_Egypt/?snr=1_7_7_comingsoon_150_70,3 August 2026 – 01:12:00 UTC,无,3 August 2026 – 01:12:00 UTC,无,3 August 2026 – 01:12:00 UTC,
4878350,Dotty Bead: Cozy Life Moments,"2 Aug, 2026",https://store.steampowered.com/app/4878350/Dotty_Bead_Cozy_Life_Moments/?snr=1_7_7_comingsoon_150_70,3 August 2026 – 01:17:00 UTC,无,3 August 2026 – 01:17:00 UTC,无,3 August 2026 – 01:17:00 UTC,
4876300,Dotty Bead: Cute Critters &amp; Tasty Treats,"2 Aug, 2026",https://store.steampowered.com/app/4876300/Dotty_Bead_Cute_Critters__Tasty_Treats/?snr=1_7_7_comingsoon_150_70,3 August 2026 – 01:21:00 UTC,无,3 August 2026 – 01:21:00 UTC,无,3 August 2026 – 01:21:00 UTC,
4764560,Dungeons &amp; Donuts,"2 Aug, 2026",https://store.steampowered.com/app/4764560/Dungeons__Donuts/?snr=1_7_7_comingsoon_150_70,3 August 2026 – 04:00:00 UTC,6,3 August 2026 – 04:00:00 UTC,7,3 August 2026 – 04:00:00 UTC,7
3715410,Cavernreach,"2 Aug, 2026",https://store.steampowered.com/app/3715410/Cavernreach/?snr=1_7_7_comingsoon_150_70,3 August 2026 – 05:00:00 UTC,13,3 August 2026 – 05:00:00 UTC,13,3 August 2026 – 05:00:00 UTC,13
4806220,Parcel Works: Packing Simulator,"2 Aug, 2026",https://store.steampowered.com/app/4806220/Parcel_Works_Packing_Simulator/?snr=1_7_7_comingsoon_150_70,3 August 2026 – 05:00:00 UTC,6,3 August 2026 – 05:00:00 UTC,6,3 August 2026 – 05:00:00 UTC,6
4599500,DottyBead闪闪拼豆,"2 Aug, 2026",https://store.steampowered.com/app/4599500/DottyBead/?snr=1_7_7_comingsoon_150_70,3 August 2026 – 05:10:00 UTC,15,3 August 2026 – 05:10:00 UTC,15,3 August 2026 – 05:10:00 UTC,15
3583700,Fishing：Across china,"2 Aug, 2026",https://store.steampowered.com/app/3583700/FishingAcross_china/?snr=1_7_7_comingsoon_150_71,3 August 2026 – 06:10:00 UTC,86,3 August 2026 – 06:10:00 UTC,87,3 August 2026 – 06:10:00 UTC,87
4792610,Robin Hood: Sherwood Valley,"3 Aug, 2026",https://store.steampowered.com/app/4792610/Robin_Hood_Sherwood_Valley/?snr=1_7_7_comingsoon_150_71,3 August 2026 – 07:00:00 UTC,4,3 August 2026 – 07:00:00 UTC,5,3 August 2026 – 07:00:00 UTC,5
4920590,Meridian,"3 Aug, 2026",https://store.steampowered.com/app/4920590/Meridian/?snr=1_7_7_comingsoon_150_71,3 August 2026 – 07:00:00 UTC,2,3 August 2026 – 07:00:00 UTC,4,3 August 2026 – 07:00:00 UTC,4
3651470,BSG: Big Space Guns,"3 Aug, 2026",https://store.steampowered.com/app/3651470/BSG_Big_Space_Guns/?snr=1_7_7_comingsoon_150_71,3 August 2026 – 08:34:00 UTC,9,3 August 2026 – 08:34:00 UTC,9,3 August 2026 – 08:34:00 UTC,9
4412980,GIFT from GOD,"3 Aug, 2026",https://store.steampowered.com/app/4412980/GIFT_from_GOD/?snr=1_7_7_comingsoon_150_71,3 August 2026 – 09:00:00 UTC,7,3 August 2026 – 09:00:00 UTC,9,3 August 2026 – 09:00:00 UTC,9
4548480,25 Days in the DARK,"3 Aug, 2026",https://store.steampowered.com/app/4548480/25_Days_in_the_DARK/?snr=1_7_7_comingsoon_150_71,3 August 2026 – 09:30:00 UTC,16,3 August 2026 – 09:30:00 UTC,17,3 August 2026 – 09:30:00 UTC,17
4906780,Meme Farm,"3 Aug, 2026",https://store.steampowered.com/app/4906780/Meme_Farm/?snr=1_7_7_comingsoon_150_71,3 August 2026 – 10:00:00 UTC,2,3 August 2026 – 10:00:00 UTC,2,3 August 2026 – 10:00:00 UTC,2
4830070,Gridmax,"3 Aug, 2026",https://store.steampowered.com/app/4830070/Gridmax/?snr=1_7_7_comingsoon_150_71,3 August 2026 – 10:14:00 UTC,1,3 August 2026 – 10:14:00 UTC,1,3 August 2026 – 10:14:00 UTC,1
4774800,Upgradia,"3 Aug, 2026",https://store.steampowered.com/app/4774800/Upgradia/?snr=1_7_7_comingsoon_150_71,3 August 2026 – 11:00:00 UTC,8,3 August 2026 – 11:00:00 UTC,8,3 August 2026 – 11:00:00 UTC,8
4726800,Earth’s Last Defense Idle Fleet,"3 Aug, 2026",https://store.steampowered.com/app/4726800/Earths_Last_Defense_Idle_Fleet/?snr=1_7_7_comingsoon_150_71,3 August 2026 – 11:00:00 UTC,4,3 August 2026 – 11:00:00 UTC,4,3 August 2026 – 11:00:00 UTC,4
3919900,Dead Zone Revive,"3 Aug, 2026",https://store.steampowered.com/app/3919900/Dead_Zone_Revive/?snr=1_7_7_comingsoon_150_71,3 August 2026 – 11:00:00 UTC,"1,422",3 August 2026 – 11:00:00 UTC,1422,3 August 2026 – 11:00:00 UTC,1422
3721520,Champions of Sparta,"3 Aug, 2026",https://store.steampowered.com/app/3721520/Champions_of_Sparta/?snr=1_7_7_comingsoon_150_71,3 August 2026 – 11:25:00 UTC,78,3 August 2026 – 11:25:00 UTC,78,3 August 2026 – 11:25:00 UTC,78
3964350,Shell of the coward,"3 Aug, 2026",https://store.steampowered.com/app/3964350/Shell_of_the_coward/?snr=1_7_7_comingsoon_150_71,3 August 2026 – 11:45:00 UTC,44,3 August 2026 – 11:45:00 UTC,44,3 August 2026 – 11:45:00 UTC,44
4631670,Hidden Turtle Puzzle,"3 Aug, 2026",https://store.steampowered.com/app/4631670/Hidden_Turtle_Puzzle/?snr=1_7_7_comingsoon_150_71,3 August 2026 – 12:00:00 UTC,2,3 August 2026 – 12:00:00 UTC,2,3 August 2026 – 12:00:00 UTC,2
3156330,Anomaly President,"3 Aug, 2026",https://store.steampowered.com/app/3156330/Anomaly_President/?snr=1_7_7_comingsoon_150_71,3 August 2026 – 12:15:00 UTC,"5,105",3 August 2026 – 12:15:00 UTC,5105,3 August 2026 – 12:15:00 UTC,5105
4841280,Hacklash,"3 Aug, 2026",https://store.steampowered.com/app/4841280/Hacklash/?snr=1_7_7_comingsoon_150_71,3 August 2026 – 12:46:00 UTC,3,3 August 2026 – 12:46:00 UTC,3,3 August 2026 – 12:46:00 UTC,3
4355750,Frog &amp; Roll,"3 Aug, 2026",https://store.steampowered.com/app/4355750/Frog__Roll/?snr=1_7_7_comingsoon_150_71,3 August 2026 – 13:00:00 UTC,35,3 August 2026 – 13:00:00 UTC,35,3 August 2026 – 13:00:00 UTC,35
4410360,HOLD MY WHEEL,"3 Aug, 2026",https://store.steampowered.com/app/4410360/HOLD_MY_WHEEL/?snr=1_7_7_comingsoon_150_71,3 August 2026 – 13:09:00 UTC,10,3 August 2026 – 13:09:00 UTC,10,3 August 2026 – 13:09:00 UTC,10
4519720,The Universe of Death Demo,"3 Aug, 2026",https://store.steampowered.com/app/4519720/The_Universe_of_Death_Demo/?snr=1_7_7_comingsoon_150_71,3 August 2026 – 14:00:00 UTC,无,3 August 2026 – 14:00:00 UTC,无,3 August 2026 – 14:00:00 UTC,
4573460,Signal Zero: Dispatch,"3 Aug, 2026",https://store.steampowered.com/app/4573460/Signal_Zero_Dispatch/?snr=1_7_7_comingsoon_150_71,3 August 2026 – 14:00:00 UTC,1,3 August 2026 – 14:00:00 UTC,1,3 August 2026 – 14:00:00 UTC,1
4894210,The Luraleid,"3 Aug, 2026",https://store.steampowered.com/app/4894210/The_Luraleid/?snr=1_7_7_comingsoon_150_71,3 August 2026 – 15:00:00 UTC,1,3 August 2026 – 15:00:00 UTC,1,3 August 2026 – 15:00:00 UTC,1
4501720,Aluminium City,"3 Aug, 2026",https://store.steampowered.com/app/4501720/Aluminium_City/?snr=1_7_7_comingsoon_150_71,3 August 2026 – 15:00:00 UTC,5,3 August 2026 – 15:00:00 UTC,5,3 August 2026 – 15:00:00 UTC,5
3711160,HELLSPRINT,"3 Aug, 2026",https://store.steampowered.com/app/3711160/HELLSPRINT/?snr=1_7_7_comingsoon_150_71,3 August 2026 – 15:00:00 UTC,32,3 August 2026 – 15:00:00 UTC,32,3 August 2026 – 15:00:00 UTC,32
4607290,Digline,"3 Aug, 2026",https://store.steampowered.com/app/4607290/Digline/?snr=1_7_7_comingsoon_150_71,3 August 2026 – 16:00:00 UTC,12,3 August 2026 – 16:00:00 UTC,12,3 August 2026 – 16:00:00 UTC,12
4211470,MAEVOR Demo,"3 Aug, 2026",https://store.steampowered.com/app/4211470/MAEVOR_Demo/?snr=1_7_7_comingsoon_150_71,3 August 2026 – 16:00:00 UTC,无,3 August 2026 – 16:00:00 UTC,无,3 August 2026 – 16:00:00 UTC,
4741990,Simple War: The Unbroken Treaties,"3 Aug, 2026",https://store.steampowered.com/app/4741990/Simple_War_The_Unbroken_Treaties/?snr=1_7_7_comingsoon_150_72,3 August 2026 – 16:00:00 UTC,3,3 August 2026 – 16:00:00 UTC,3,3 August 2026 – 16:00:00 UTC,3
4742970,Cell #31,"3 Aug, 2026",https://store.steampowered.com/app/4742970/Cell_31/?snr=1_7_7_comingsoon_150_72,3 August 2026 – 16:00:00 UTC,2,3 August 2026 – 16:00:00 UTC,2,3 August 2026 – 16:00:00 UTC,2
4591640,Hibera Requiem for the Forgotten Demo,"3 Aug, 2026",https://store.steampowered.com/app/4492680/Hibera_Requiem_for_the_Forgotten/?snr=1_7_7_comingsoon_150_72,3 August 2026 – 16:30:00 UTC,无,3 August 2026 – 16:30:00 UTC,无,3 August 2026 – 16:30:00 UTC,
4644210,Undefined 339 Demo,"3 Aug, 2026",https://store.steampowered.com/app/4644210/Undefined_339_Demo/?snr=1_7_7_comingsoon_150_72,3 August 2026 – 16:40:00 UTC,无,3 August 2026 – 16:40:00 UTC,无,3 August 2026 – 16:40:00 UTC,
3096230,DOGENSTEIN,"3 Aug, 2026",https://store.steampowered.com/app/3096230/DOGENSTEIN/?snr=1_7_7_comingsoon_150_72,3 August 2026 – 17:00:00 UTC,354,3 August 2026 – 17:00:00 UTC,354,3 August 2026 – 17:00:00 UTC,354
4487490,Dispel Dark,"3 Aug, 2026",https://store.steampowered.com/app/4487490/Dispel_Dark/?snr=1_7_7_comingsoon_150_72,3 August 2026 – 17:00:00 UTC,11,3 August 2026 – 17:00:00 UTC,11,3 August 2026 – 17:00:00 UTC,11
4515950,Pulslink,"3 Aug, 2026",https://store.steampowered.com/app/4515950/Pulslink/?snr=1_7_7_comingsoon_150_72,3 August 2026 – 17:00:00 UTC,46,3 August 2026 – 17:00:00 UTC,46,3 August 2026 – 17:00:00 UTC,46
4117190,Silly Suspects,"3 Aug, 2026",https://store.steampowered.com/app/4117190/Silly_Suspects/?snr=1_7_7_comingsoon_150_72,3 August 2026 – 17:00:00 UTC,113,3 August 2026 – 17:00:00 UTC,113,3 August 2026 – 17:00:00 UTC,113
4191860,Escape from the Black Monolith,"3 Aug, 2026",https://store.steampowered.com/app/4191860/Escape_from_the_Black_Monolith/?snr=1_7_7_comingsoon_150_72,3 August 2026 – 17:00:00 UTC,18,3 August 2026 – 17:00:00 UTC,18,3 August 2026 – 17:00:00 UTC,18
4540820,Kin and Conquest,"3 Aug, 2026",https://store.steampowered.com/app/4540820/Kin_and_Conquest/?snr=1_7_7_comingsoon_150_72,3 August 2026 – 17:00:00 UTC,197,3 August 2026 – 17:00:00 UTC,197,3 August 2026 – 17:00:00 UTC,197
2001760,Beast of Reincarnation,"3 Aug, 2026",https://store.steampowered.com/app/2001760/Beast_of_Reincarnation/?snr=1_7_7_comingsoon_150_72,3 August 2026 – 17:00:00 UTC,"31,917",3 August 2026 – 17:00:00 UTC,31917,3 August 2026 – 17:00:00 UTC,31917
4908190,TitTok Girls Soundtrack,"3 Aug, 2026",https://store.steampowered.com/app/4908190/TitTok_Girls_Soundtrack/?snr=1_7_7_comingsoon_150_72,3 August 2026 – 17:00:00 UTC,无,3 August 2026 – 17:00:00 UTC,无,3 August 2026 – 17:00:00 UTC,
4907510,TitTok Soundtrack,"3 Aug, 2026",https://store.steampowered.com/app/4907510/TitTok_Soundtrack/?snr=1_7_7_comingsoon_150_72,3 August 2026 – 17:00:00 UTC,无,3 August 2026 – 17:00:00 UTC,无,3 August 2026 – 17:00:00 UTC,
4801430,N-OS: Desktop Story,"3 Aug, 2026",https://store.steampowered.com/app/4801430/NOS_Desktop_Story/?snr=1_7_7_comingsoon_150_72,3 August 2026 – 17:00:00 UTC,1,3 August 2026 – 17:00:00 UTC,1,3 August 2026 – 17:00:00 UTC,1
4567510,Potato Simulato: Together,"3 Aug, 2026",https://store.steampowered.com/app/4567510/Potato_Simulato_Together/?snr=1_7_7_comingsoon_150_72,3 August 2026 – 17:08:00 UTC,76,3 August 2026 – 17:08:00 UTC,76,3 August 2026 – 17:08:00 UTC,76
4516830,White Ward,"3 Aug, 2026",https://store.steampowered.com/app/4516830/White_Ward/?snr=1_7_7_comingsoon_150_72,3 August 2026 – 17:59:00 UTC,14,3 August 2026 – 17:59:00 UTC,15,3 August 2026 – 17:59:00 UTC,15
2937310,Tidal Nexus Online,"3 Aug, 2026",https://store.steampowered.com/app/2937310/Tidal_Nexus_Online/?snr=1_7_7_comingsoon_150_72,3 August 2026 – 18:03:00 UTC,471,3 August 2026 – 18:03:00 UTC,471,3 August 2026 – 18:03:00 UTC,471
4888240,Hermitage,"3 Aug, 2026",https://store.steampowered.com/app/4888240/Hermitage/?snr=1_7_7_comingsoon_150_72,3 August 2026 – 18:30:00 UTC,3,3 August 2026 – 18:30:00 UTC,3,3 August 2026 – 18:30:00 UTC,3
4849660,Desktop Overlays,"3 Aug, 2026",https://store.steampowered.com/app/4849660/Desktop_Overlays/?snr=1_7_7_comingsoon_150_72,3 August 2026 – 19:00:00 UTC,4,3 August 2026 – 19:00:00 UTC,4,3 August 2026 – 19:00:00 UTC,4
4537870,Prehistoric Adventure,"3 Aug, 2026",https://store.steampowered.com/app/4537870/Prehistoric_Adventure/?snr=1_7_7_comingsoon_150_72,3 August 2026 – 21:00:00 UTC,3,3 August 2026 – 21:00:00 UTC,3,3 August 2026 – 21:00:00 UTC,3
4650490,Idle Immortal Sentinel,"3 Aug, 2026",https://store.steampowered.com/app/4650490/Idle_Immortal_Sentinel/?snr=1_7_7_comingsoon_150_72,4 August 2026 – 02:00:00 UTC,12,4 August 2026 – 02:00:00 UTC,12,4 August 2026 – 02:00:00 UTC,12
4777470,The Obedience Experiment,"3 Aug, 2026",https://store.steampowered.com/app/4777470/The_Obedience_Experiment/?snr=1_7_7_comingsoon_150_72,4 August 2026 – 06:59:00 UTC,12,4 August 2026 – 06:59:00 UTC,12,4 August 2026 – 06:59:00 UTC,12
3553250,Holey,"4 Aug, 2026",https://store.steampowered.com/app/3553250/Holey/?snr=1_7_7_comingsoon_150_72,4 August 2026 – 11:49:00 UTC,354,4 August 2026 – 11:49:00 UTC,354,4 August 2026 – 11:49:00 UTC,354
4585860,Rogue Dot,"4 Aug, 2026",https://store.steampowered.com/app/4585860/Rogue_Dot/?snr=1_7_7_comingsoon_150_72,4 August 2026 – 13:00:00 UTC,8,4 August 2026 – 13:00:00 UTC,8,4 August 2026 – 13:00:00 UTC,8
4358430,DarkRay,"4 Aug, 2026",https://store.steampowered.com/app/4358430/DarkRay/?snr=1_7_7_comingsoon_150_73,4 August 2026 – 13:00:00 UTC,6,4 August 2026 – 13:00:00 UTC,6,4 August 2026 – 13:00:00 UTC,6
1478500,Big Walk,"4 Aug, 2026",https://store.steampowered.com/app/1478500/Big_Walk/?snr=1_7_7_comingsoon_150_73,4 August 2026 – 13:00:00 UTC,"28,436",4 August 2026 – 13:00:00 UTC,28436,4 August 2026 – 13:00:00 UTC,28436
4078420,Quantum Breach,"4 Aug, 2026",https://store.steampowered.com/app/4078420/Quantum_Breach/?snr=1_7_7_comingsoon_150_73,4 August 2026 – 14:00:00 UTC,14,4 August 2026 – 14:00:00 UTC,14,4 August 2026 – 14:00:00 UTC,14
3914750,Where Are You?,"4 Aug, 2026",https://store.steampowered.com/app/3914750/Where_Are_You/?snr=1_7_7_comingsoon_150_73,4 August 2026 – 14:00:00 UTC,14,4 August 2026 – 14:00:00 UTC,14,4 August 2026 – 14:00:00 UTC,14
3409660,Spinning Scarecrow,"4 Aug, 2026",https://store.steampowered.com/app/3409660/Spinning_Scarecrow/?snr=1_7_7_comingsoon_150_73,4 August 2026 – 14:45:00 UTC,21,4 August 2026 – 14:45:00 UTC,21,4 August 2026 – 14:45:00 UTC,21
2371060,It Consumes,"4 Aug, 2026",https://store.steampowered.com/app/2371060/It_Consumes/?snr=1_7_7_comingsoon_150_73,4 August 2026 – 15:00:00 UTC,359,4 August 2026 – 15:00:00 UTC,359,4 August 2026 – 15:00:00 UTC,359
4890300,Mining Away! Demo,"4 Aug, 2026",https://store.steampowered.com/app/4890300/Mining_Away_Demo/?snr=1_7_7_comingsoon_150_73,4 August 2026 – 15:00:00 UTC,无,4 August 2026 – 15:00:00 UTC,无,4 August 2026 – 15:00:00 UTC,
3115310,Bloodmoon Survivors,"4 Aug, 2026",https://store.steampowered.com/app/3115310/Bloodmoon_Survivors/?snr=1_7_7_comingsoon_150_73,4 August 2026 – 16:00:00 UTC,104,4 August 2026 – 16:00:00 UTC,104,4 August 2026 – 16:00:00 UTC,104
3649860,A Good Day Fishing,"4 Aug, 2026",https://store.steampowered.com/app/3649860/A_Good_Day_Fishing/?snr=1_7_7_comingsoon_150_73,4 August 2026 – 16:00:00 UTC,138,4 August 2026 – 16:00:00 UTC,16,4 August 2026 – 16:00:00 UTC,138
4382860,Loot Goblin,"4 Aug, 2026",https://store.steampowered.com/app/4382860/Loot_Goblin/?snr=1_7_7_comingsoon_150_73,4 August 2026 – 16:00:00 UTC,15,4 August 2026 – 16:00:00 UTC,16,4 August 2026 – 16:00:00 UTC,16
4643120,Pier Pals,"4 Aug, 2026",https://store.steampowered.com/app/4643120/Pier_Pals/?snr=1_7_7_comingsoon_150_73,4 August 2026 – 16:00:00 UTC,3,4 August 2026 – 16:00:00 UTC,5,4 August 2026 – 16:00:00 UTC,5
3900200,Nature Minds,"4 Aug, 2026",https://store.steampowered.com/app/3900200/Nature_Minds/?snr=1_7_7_comingsoon_150_73,4 August 2026 – 17:00:00 UTC,26,4 August 2026 – 17:00:00 UTC,26,4 August 2026 – 17:00:00 UTC,26
247970,Korea. IL-2 Series,"4 Aug, 2026",https://store.steampowered.com/app/247970/Korea_IL2_Series/?snr=1_7_7_comingsoon_150_73,4 August 2026 – 17:00:00 UTC,4440,4 August 2026 – 17:00:00 UTC,无,4 August 2026 – 17:00:00 UTC,4440
4272040,The Moon my Destination,"4 Aug, 2026",https://store.steampowered.com/app/4272040/The_Moon_my_Destination/?snr=1_7_7_comingsoon_150_73,4 August 2026 – 18:00:00 UTC,7,4 August 2026 – 18:00:00 UTC,7,4 August 2026 – 18:00:00 UTC,7
2996150,Zodiac Mountain,"4 Aug, 2026",https://store.steampowered.com/app/2996150/Zodiac_Mountain/?snr=1_7_7_comingsoon_150_73,5 August 2026 – 00:00:00 UTC,162,5 August 2026 – 00:00:00 UTC,162,5 August 2026 – 00:00:00 UTC,162
3659090,Jelly Bubble,"4 Aug, 2026",https://store.steampowered.com/app/3659090/Jelly_Bubble/?snr=1_7_7_comingsoon_150_73,5 August 2026 – 02:00:00 UTC,1808,5 August 2026 – 02:00:00 UTC,1808,5 August 2026 – 02:00:00 UTC,1808
4851310,築字師 TUAN: Scriptum,"4 Aug, 2026",https://store.steampowered.com/app/4851310/_TUAN_Scriptum/?snr=1_7_7_comingsoon_150_73,5 August 2026 – 02:00:00 UTC,3,5 August 2026 – 02:00:00 UTC,3,5 August 2026 – 02:00:00 UTC,3
2372240,Re:Night,"4 Aug, 2026",https://store.steampowered.com/app/2372240/ReNight/?snr=1_7_7_comingsoon_150_73,5 August 2026 – 03:00:00 UTC,769,5 August 2026 – 03:00:00 UTC,769,5 August 2026 – 03:00:00 UTC,769
1552280,Dice Mice,"4 Aug, 2026",https://store.steampowered.com/app/1552280/Dice_Mice/?snr=1_7_7_comingsoon_150_73,5 August 2026 – 06:11:00 UTC,7,5 August 2026 – 06:11:00 UTC,7,5 August 2026 – 06:11:00 UTC,7
2753800,Jar Head Cauldron,"4 Aug, 2026",https://store.steampowered.com/app/2753800/Jar_Head_Cauldron/?snr=1_7_7_comingsoon_150_73,5 August 2026 – 06:15:00 UTC,17,5 August 2026 – 06:15:00 UTC,17,5 August 2026 – 06:15:00 UTC,17
4360280,Of Bricks and Patterns,"5 Aug, 2026",https://store.steampowered.com/app/4360280/Of_Bricks_and_Patterns/?snr=1_7_7_comingsoon_150_73,5 August 2026 – 08:00:00 UTC,5,5 August 2026 – 08:00:00 UTC,5,5 August 2026 – 08:00:00 UTC,5
4414640,World's Greatest Author,"5 Aug, 2026",https://store.steampowered.com/app/4414640/Worlds_Greatest_Author/?snr=1_7_7_comingsoon_150_73,5 August 2026 – 10:00:00 UTC,28,5 August 2026 – 10:00:00 UTC,28,5 August 2026 – 10:00:00 UTC,28
3718900,World of Chaos,"5 Aug, 2026",https://store.steampowered.com/app/3718900/World_of_Chaos/?snr=1_7_7_comingsoon_150_73,5 August 2026 – 10:30:00 UTC,11,5 August 2026 – 10:30:00 UTC,12,5 August 2026 – 10:30:00 UTC,12
3417940,Cat Chaos,"5 Aug, 2026",https://store.steampowered.com/app/3417940/Cat_Chaos/?snr=1_7_7_comingsoon_150_73,5 August 2026 – 13:00:00 UTC,167,5 August 2026 – 13:00:00 UTC,167,5 August 2026 – 13:00:00 UTC,167
3375490,Block Block Block,"5 Aug, 2026",https://store.steampowered.com/app/3375490/Block_Block_Block/?snr=1_7_7_comingsoon_150_73,5 August 2026 – 13:00:00 UTC,704,5 August 2026 – 13:00:00 UTC,704,5 August 2026 – 13:00:00 UTC,704
3724710,Gunstoppable,"5 Aug, 2026",https://store.steampowered.com/app/3724710/Gunstoppable/?snr=1_7_7_comingsoon_150_74,5 August 2026 – 13:59:00 UTC,484,5 August 2026 – 13:59:00 UTC,484,5 August 2026 – 13:59:00 UTC,484
4035530,Dream City Fugitive,"5 Aug, 2026",https://store.steampowered.com/app/4035530/Dream_City_Fugitive/?snr=1_7_7_comingsoon_150_74,5 August 2026 – 14:00:00 UTC,11,5 August 2026 – 14:00:00 UTC,11,5 August 2026 – 14:00:00 UTC,11
4300870,Gods &amp; Gore,"5 Aug, 2026",https://store.steampowered.com/app/4300870/Gods__Gore/?snr=1_7_7_comingsoon_150_74,5 August 2026 – 15:00:00 UTC,53,5 August 2026 – 15:00:00 UTC,53,5 August 2026 – 15:00:00 UTC,53
4411570,Quarantine Zombies - Prologue,"5 Aug, 2026",https://store.steampowered.com/app/4411570/Quarantine_Zombies__Prologue/?snr=1_7_7_comingsoon_150_74,5 August 2026 – 16:00:00 UTC,64,5 August 2026 – 16:00:00 UTC,64,5 August 2026 – 16:00:00 UTC,64
3962040,Ranchbound,"5 Aug, 2026",https://store.steampowered.com/app/3962040/Ranchbound/?snr=1_7_7_comingsoon_150_74,5 August 2026 – 17:00:00 UTC,322,5 August 2026 – 17:00:00 UTC,322,5 August 2026 – 17:00:00 UTC,322
4832030,Big Golden Rock,"5 Aug, 2026",https://store.steampowered.com/app/4832030/Big_Golden_Rock/?snr=1_7_7_comingsoon_150_74,5 August 2026 – 17:00:00 UTC,17,5 August 2026 – 17:00:00 UTC,20,5 August 2026 – 17:00:00 UTC,20
4388420,Pack my Order,"5 Aug, 2026",https://store.steampowered.com/app/4388420/Pack_my_Order/?snr=1_7_7_comingsoon_150_74,5 August 2026 – 17:05:00 UTC,69,5 August 2026 – 17:05:00 UTC,69,5 August 2026 – 17:05:00 UTC,69
3496970,GLOOPALAXY,"5 Aug, 2026",https://store.steampowered.com/app/3496970/GLOOPALAXY/?snr=1_7_7_comingsoon_150_74,5 August 2026 – 17:30:00 UTC,139,5 August 2026 – 17:30:00 UTC,139,5 August 2026 – 17:30:00 UTC,139
2505590,T.K. Punk - G.O.L.D,"5 Aug, 2026",https://store.steampowered.com/app/2505590/TK_Punk__GOLD/?snr=1_7_7_comingsoon_150_74,5 August 2026 – 19:00:00 UTC,560,5 August 2026 – 19:00:00 UTC,560,5 August 2026 – 19:00:00 UTC,560
4077720,"Jeremy, No!","5 Aug, 2026",https://store.steampowered.com/app/4077720/Jeremy_No/?snr=1_7_7_comingsoon_150_74,5 August 2026 – 20:00:00 UTC,19,5 August 2026 – 20:00:00 UTC,20,5 August 2026 – 20:00:00 UTC,20
4862500,Highway Station Simulator Demo,"5 Aug, 2026",https://store.steampowered.com/app/4855970/Highway_Station_Simulator/?snr=1_7_7_comingsoon_150_74,5 August 2026 – 20:07:00 UTC,无,5 August 2026 – 20:07:00 UTC,无,5 August 2026 – 20:07:00 UTC,
4306700,PatriotMemoirs 4K,"5 Aug, 2026",https://store.steampowered.com/app/4306700/PatriotMemoirs_4K/?snr=1_7_7_comingsoon_150_74,5 August 2026 – 23:15:00 UTC,无,5 August 2026 – 23:15:00 UTC,无,5 August 2026 – 23:15:00 UTC,
4306710,PatriotMemoirs-Digital upgraded version,"5 Aug, 2026",https://store.steampowered.com/app/4306710/PatriotMemoirsDigital_upgraded_version/?snr=1_7_7_comingsoon_150_74,5 August 2026 – 23:15:00 UTC,无,5 August 2026 – 23:15:00 UTC,无,5 August 2026 – 23:15:00 UTC,
4108460,PatriotMemoirs,"5 Aug, 2026",https://store.steampowered.com/app/4108460/PatriotMemoirs/?snr=1_7_7_comingsoon_150_74,5 August 2026 – 23:15:00 UTC,无,5 August 2026 – 23:15:00 UTC,无,5 August 2026 – 23:15:00 UTC,644
4214810,"SENTO SURVIVOR : Slip, Grab, and Bathe in Glory!","5 Aug, 2026",https://store.steampowered.com/app/4214810/SENTO_SURVIVOR__Slip_Grab_and_Bathe_in_Glory/?snr=1_7_7_comingsoon_150_74,6 August 2026 – 01:00:00 UTC,12,6 August 2026 – 01:00:00 UTC,13,6 August 2026 – 01:00:00 UTC,13
4598120,The Syndicate: Classified Operations,"5 Aug, 2026",https://store.steampowered.com/app/4598120/The_Syndicate_Classified_Operations/?snr=1_7_7_comingsoon_150_74,6 August 2026 – 01:00:00 UTC,46,6 August 2026 – 01:00:00 UTC,46,6 August 2026 – 01:00:00 UTC,46
4259690,Ajnabee - The Unknown,"6 Aug, 2026",https://store.steampowered.com/app/4259690/Ajnabee__The_Unknown/?snr=1_7_7_comingsoon_150_74,6 August 2026 – 07:00:00 UTC,24,6 August 2026 – 07:00:00 UTC,24,6 August 2026 – 07:00:00 UTC,24
4824970,Golden Retriever Simple Life Demo,"6 Aug, 2026",https://store.steampowered.com/app/4824970/Golden_Retriever_Simple_Life_Demo/?snr=1_7_7_comingsoon_150_74,6 August 2026 – 08:00:00 UTC,无,6 August 2026 – 08:00:00 UTC,无,6 August 2026 – 08:00:00 UTC,
3687100,Tomb of Chacal,"6 Aug, 2026",https://store.steampowered.com/app/3687100/Tomb_of_Chacal/?snr=1_7_7_comingsoon_150_74,6 August 2026 – 10:00:00 UTC,17,6 August 2026 – 10:00:00 UTC,17,6 August 2026 – 10:00:00 UTC,17
4396440,Dead Stop - No Vacancy,"6 Aug, 2026",https://store.steampowered.com/app/4396440/Dead_Stop__No_Vacancy/?snr=1_7_7_comingsoon_150_74,6 August 2026 – 11:24:00 UTC,108,6 August 2026 – 11:24:00 UTC,108,6 August 2026 – 11:24:00 UTC,
3418500,CS Manager,"6 Aug, 2026",https://store.steampowered.com/app/3418500/CS_Manager/?snr=1_7_7_comingsoon_150_74,6 August 2026 – 12:00:00 UTC,788,6 August 2026 – 12:00:00 UTC,788,6 August 2026 – 12:00:00 UTC,788
4074010,"Dig, Dig, Die","6 Aug, 2026",https://store.steampowered.com/app/4074010/Dig_Dig_Die/?snr=1_7_7_comingsoon_150_74,6 August 2026 – 12:00:00 UTC,2142,6 August 2026 – 12:00:00 UTC,2142,6 August 2026 – 12:00:00 UTC,2142
4424780,JKRobots,"6 Aug, 2026",https://store.steampowered.com/app/4424780/JKRobots/?snr=1_7_7_comingsoon_150_74,6 August 2026 – 14:37:00 UTC,27,6 August 2026 – 14:37:00 UTC,27,6 August 2026 – 14:37:00 UTC,27
4217690,Uncanny Tales: The Watcher,"6 Aug, 2026",https://store.steampowered.com/app/4217690/Uncanny_Tales_The_Watcher/?snr=1_7_7_comingsoon_150_74,6 August 2026 – 15:00:00 UTC,410,6 August 2026 – 15:00:00 UTC,410,6 August 2026 – 15:00:00 UTC,410
4383700,Echobreaker,"6 Aug, 2026",https://store.steampowered.com/app/4383700/Echobreaker/?snr=1_7_7_comingsoon_150_74,6 August 2026 – 15:00:00 UTC,213,6 August 2026 – 15:00:00 UTC,213,6 August 2026 – 15:00:00 UTC,213
3787240,MARVEL Tōkon: Fighting Souls,"6 Aug, 2026",https://store.steampowered.com/app/3787240/MARVEL_Tkon_Fighting_Souls/?snr=1_7_7_comingsoon_150_75,6 August 2026 – 15:00:00 UTC,16763,6 August 2026 – 15:00:00 UTC,16763,6 August 2026 – 15:00:00 UTC,16763
1142040,For Stella,"6 Aug, 2026",https://store.steampowered.com/app/1142040/For_Stella/?snr=1_7_7_comingsoon_150_75,6 August 2026 – 15:16:00 UTC,163,6 August 2026 – 15:16:00 UTC,163,6 August 2026 – 15:16:00 UTC,163
3568280,Star Haul Tycoon,"6 Aug, 2026",https://store.steampowered.com/app/3568280/Star_Haul_Tycoon/?snr=1_7_7_comingsoon_150_75,6 August 2026 – 16:00:00 UTC,95,6 August 2026 – 16:00:00 UTC,95,6 August 2026 – 16:00:00 UTC,95
3720060,CONDEMNED: Nightfall,"6 Aug, 2026",https://store.steampowered.com/app/3720060/CONDEMNED_Nightfall/?snr=1_7_7_comingsoon_150_75,6 August 2026 – 16:00:00 UTC,410,6 August 2026 – 16:00:00 UTC,410,6 August 2026 – 16:00:00 UTC,410
3638920,CastleOn,"6 Aug, 2026",https://store.steampowered.com/app/3638920/CastleOn/?snr=1_7_7_comingsoon_150_75,6 August 2026 – 16:00:00 UTC,164,6 August 2026 – 16:00:00 UTC,164,6 August 2026 – 16:00:00 UTC,164
4113940,Sovereign Tower,"6 Aug, 2026",https://store.steampowered.com/app/4113940/Sovereign_Tower/?snr=1_7_7_comingsoon_150_75,6 August 2026 – 16:00:00 UTC,4932,6 August 2026 – 16:00:00 UTC,4932,6 August 2026 – 16:00:00 UTC,4932
3141630,Montabi,"6 Aug, 2026",https://store.steampowered.com/app/3141630/Montabi/?snr=1_7_7_comingsoon_150_75,6 August 2026 – 16:00:00 UTC,1134,6 August 2026 – 16:00:00 UTC,1134,6 August 2026 – 16:00:00 UTC,1134
3687790,Deadliest Pigeon,"6 Aug, 2026",https://store.steampowered.com/app/3687790/Deadliest_Pigeon/?snr=1_7_7_comingsoon_150_75,6 August 2026 – 16:30:00 UTC,215,6 August 2026 – 16:30:00 UTC,215,6 August 2026 – 16:30:00 UTC,215
4411840,Yellowcreek Stories - The Cabin Watcher,"6 Aug, 2026",https://store.steampowered.com/app/4411840/Yellowcreek_Stories__The_Cabin_Watcher/?snr=1_7_7_comingsoon_150_75,6 August 2026 – 17:00:00 UTC,30,6 August 2026 – 17:00:00 UTC,33,6 August 2026 – 17:00:00 UTC,33
4320550,Critternauts,"6 Aug, 2026",https://store.steampowered.com/app/4320550/Critternauts/?snr=1_7_7_comingsoon_150_75,6 August 2026 – 17:00:00 UTC,12,6 August 2026 – 17:00:00 UTC,12,6 August 2026 – 17:00:00 UTC,12
4609980,KUBB,"6 Aug, 2026",https://store.steampowered.com/app/4609980/KUBB/?snr=1_7_7_comingsoon_150_75,6 August 2026 – 17:00:00 UTC,6,6 August 2026 – 17:00:00 UTC,7,6 August 2026 – 17:00:00 UTC,7
3904850,Approximately Up,"6 Aug, 2026",https://store.steampowered.com/app/3904850/Approximately_Up/?snr=1_7_7_comingsoon_150_75,6 August 2026 – 17:00:00 UTC,5970,6 August 2026 – 17:00:00 UTC,5970,6 August 2026 – 17:00:00 UTC,5970
3501540,Spiritstead,"6 Aug, 2026",https://store.steampowered.com/app/3501540/Spiritstead/?snr=1_7_7_comingsoon_150_75,6 August 2026 – 17:00:00 UTC,1755,6 August 2026 – 17:00:00 UTC,1755,6 August 2026 – 17:00:00 UTC,1755
3797990,Mind Inc,"6 Aug, 2026",https://store.steampowered.com/app/3797990/Mind_Inc/?snr=1_7_7_comingsoon_150_75,6 August 2026 – 17:00:00 UTC,26,6 August 2026 – 17:00:00 UTC,26,6 August 2026 – 17:00:00 UTC,26
4763080,Pick Ball,"6 Aug, 2026",https://store.steampowered.com/app/4763080/Pick_Ball/?snr=1_7_7_comingsoon_150_75,6 August 2026 – 17:24:00 UTC,28,6 August 2026 – 17:24:00 UTC,29,6 August 2026 – 17:24:00 UTC,29
1492100,Fantasy Network,"6 Aug, 2026",https://store.steampowered.com/app/1492100/Fantasy_Network/?snr=1_7_7_comingsoon_150_75,6 August 2026 – 18:00:00 UTC,209,6 August 2026 – 18:00:00 UTC,209,6 August 2026 – 18:00:00 UTC,209
2950790,IRON NEST: Heavy Turret Simulator,"6 Aug, 2026",https://store.steampowered.com/app/2950790/IRON_NEST_Heavy_Turret_Simulator/?snr=1_7_7_comingsoon_150_75,6 August 2026 – 20:01:00 UTC,38246,6 August 2026 – 20:01:00 UTC,38246,6 August 2026 – 20:01:00 UTC,38246
4158650,Decimation,"6 Aug, 2026",https://store.steampowered.com/app/4158650/Decimation/?snr=1_7_7_comingsoon_150_75,6 August 2026 – 20:30:00 UTC,30,6 August 2026 – 20:30:00 UTC,30,6 August 2026 – 20:30:00 UTC,30
3709180,Heroes of the Triangle: Mask Rush,"6 Aug, 2026",https://store.steampowered.com/app/3709180/Heroes_of_the_Triangle_Mask_Rush/?snr=1_7_7_comingsoon_150_75,6 August 2026 – 21:00:00 UTC,65,6 August 2026 – 21:00:00 UTC,65,6 August 2026 – 21:00:00 UTC,65
4875250,Mindscape,"6 Aug, 2026",https://store.steampowered.com/app/4875250/Mindscape/?snr=1_7_7_comingsoon_150_75,7 August 2026 – 00:22:00 UTC,4,7 August 2026 – 00:22:00 UTC,4,7 August 2026 – 00:22:00 UTC,4
3874560,Legend Battles: Bellona,"6 Aug, 2026",https://store.steampowered.com/app/3874560/Legend_Battles_Bellona/?snr=1_7_7_comingsoon_150_75,7 August 2026 – 01:00:00 UTC,无,7 August 2026 – 01:00:00 UTC,无,7 August 2026 – 01:00:00 UTC,
4843070,One Stroke Hunter,"6 Aug, 2026",https://store.steampowered.com/app/4843070/One_Stroke_Hunter/?snr=1_7_7_comingsoon_150_75,7 August 2026 – 01:00:00 UTC,4,7 August 2026 – 01:00:00 UTC,4,7 August 2026 – 01:00:00 UTC,4
4341400,TUNG,"6 Aug, 2026",https://store.steampowered.com/app/4341400/TUNG/?snr=1_7_7_comingsoon_150_75,7 August 2026 – 01:00:00 UTC,54,7 August 2026 – 01:00:00 UTC,54,7 August 2026 – 01:00:00 UTC,54
3438550,Fobia Fights,"6 Aug, 2026",https://store.steampowered.com/app/3438550/Fobia_Fights/?snr=1_7_7_comingsoon_150_75,7 August 2026 – 04:00:00 UTC,18,7 August 2026 – 04:00:00 UTC,18,7 August 2026 – 04:00:00 UTC,18
4611990,日本事故物件監視協会3 -Japan Stigmatized Property-,"6 Aug, 2026",https://store.steampowered.com/app/4611990/3_Japan_Stigmatized_Property/?snr=1_7_7_comingsoon_150_75,7 August 2026 – 04:00:00 UTC,105,7 August 2026 – 04:00:00 UTC,105,7 August 2026 – 04:00:00 UTC,105
2797320,Shadow Breakers,"7 Aug, 2026",https://store.steampowered.com/app/2797320/Shadow_Breakers/?snr=1_7_7_comingsoon_150_76,7 August 2026 – 07:00:00 UTC,74,7 August 2026 – 07:00:00 UTC,74,7 August 2026 – 07:00:00 UTC,74
4143220,The Case of the Golden Night Apartment,"7 Aug, 2026",https://store.steampowered.com/app/4143220/The_Case_of_the_Golden_Night_Apartment/?snr=1_7_7_comingsoon_150_76,7 August 2026 – 09:00:00 UTC,262,7 August 2026 – 09:00:00 UTC,262,7 August 2026 – 09:00:00 UTC,262
2948130,Life of a Thug,"7 Aug, 2026",https://store.steampowered.com/app/2948130/Life_of_a_Thug/?snr=1_7_7_comingsoon_150_76,7 August 2026 – 10:19:00 UTC,45,7 August 2026 – 10:19:00 UTC,45,7 August 2026 – 10:19:00 UTC,45
3599150,Tetro Battle,"7 Aug, 2026",https://store.steampowered.com/app/3599150/Tetro_Battle/?snr=1_7_7_comingsoon_150_76,7 August 2026 – 11:00:00 UTC,13,7 August 2026 – 11:00:00 UTC,13,7 August 2026 – 11:00:00 UTC,13
4005630,Tide Of Tactics,"7 Aug, 2026",https://store.steampowered.com/app/4005630/Tide_Of_Tactics/?snr=1_7_7_comingsoon_150_76,7 August 2026 – 11:00:00 UTC,74,7 August 2026 – 11:00:00 UTC,74,7 August 2026 – 11:00:00 UTC,74
4011300,Super Shout Showdown,"7 Aug, 2026",https://store.steampowered.com/app/4011300/Super_Shout_Showdown/?snr=1_7_7_comingsoon_150_76,7 August 2026 – 11:00:00 UTC,573,7 August 2026 – 11:00:00 UTC,573,7 August 2026 – 11:00:00 UTC,573
4430810,7 Days to Escape,"7 Aug, 2026",https://store.steampowered.com/app/4430810/7_Days_to_Escape/?snr=1_7_7_comingsoon_150_76,Coming soon,2,Coming soon,2,,
4632540,Fellwood,"7 Aug, 2026",https://store.steampowered.com/app/4632540/Fellwood/?snr=1_7_7_comingsoon_150_76,7 August 2026 – 14:00:00 UTC,262,7 August 2026 – 14:00:00 UTC,262,7 August 2026 – 14:00:00 UTC,262
3907570,Silent Authority: Blood &amp; Bourbon,"7 Aug, 2026",https://store.steampowered.com/app/3907570/Silent_Authority_Blood__Bourbon/?snr=1_7_7_comingsoon_150_76,7 August 2026 – 14:00:00 UTC,742,7 August 2026 – 14:00:00 UTC,742,7 August 2026 – 14:00:00 UTC,742
3820860,Touch of Madness,"7 Aug, 2026",https://store.steampowered.com/app/3820860/Touch_of_Madness/?snr=1_7_7_comingsoon_150_76,7 August 2026 – 14:00:00 UTC,102,7 August 2026 – 14:00:00 UTC,102,7 August 2026 – 14:00:00 UTC,102
4202710,Hocus Focus,"7 Aug, 2026",https://store.steampowered.com/app/4202710/Hocus_Focus/?snr=1_7_7_comingsoon_150_76,7 August 2026 – 14:00:00 UTC,317,7 August 2026 – 14:00:00 UTC,317,7 August 2026 – 14:00:00 UTC,317
4697950,Fire and Water: Spirits of the Forest,"7 Aug, 2026",https://store.steampowered.com/app/4697950/Fire_and_Water_Spirits_of_the_Forest/?snr=1_7_7_comingsoon_150_76,7 August 2026 – 15:17:00 UTC,7,7 August 2026 – 15:17:00 UTC,9,7 August 2026 – 15:17:00 UTC,9
4014130,Cyber Planet,"7 Aug, 2026",https://store.steampowered.com/app/4014130/Cyber_Planet/?snr=1_7_7_comingsoon_150_76,7 August 2026 – 16:00:00 UTC,6,7 August 2026 – 16:00:00 UTC,6,7 August 2026 – 16:00:00 UTC,6
4092940,Lucky Shot,"7 Aug, 2026",https://store.steampowered.com/app/4092940/Lucky_Shot/?snr=1_7_7_comingsoon_150_76,7 August 2026 – 16:00:00 UTC,52,7 August 2026 – 16:00:00 UTC,52,7 August 2026 – 16:00:00 UTC,52
4235790,Astral Blitz,"7 Aug, 2026",https://store.steampowered.com/app/4235790/Astral_Blitz/?snr=1_7_7_comingsoon_150_76,Q3 2026,17,Q3 2026,17,,
4675850,Crownborne,"7 Aug, 2026",https://store.steampowered.com/app/4675850/Crownborne/?snr=1_7_7_comingsoon_150_76,7 August 2026 – 16:00:00 UTC,24,7 August 2026 – 16:00:00 UTC,24,7 August 2026 – 16:00:00 UTC,24
3434720,Shy Cats Hidden Orchestra 2 - The Return,"7 Aug, 2026",https://store.steampowered.com/app/3434720/Shy_Cats_Hidden_Orchestra_2__The_Return/?snr=1_7_7_comingsoon_150_76,7 August 2026 – 16:19:00 UTC,25,7 August 2026 – 16:19:00 UTC,25,7 August 2026 – 16:19:00 UTC,25
2847820,Elderwood Online,"7 Aug, 2026",https://store.steampowered.com/app/2847820/Elderwood_Online/?snr=1_7_7_comingsoon_150_76,7 August 2026 – 17:00:00 UTC,591,7 August 2026 – 17:00:00 UTC,591,7 August 2026 – 17:00:00 UTC,591
4240850,Protect the Pit,"7 Aug, 2026",https://store.steampowered.com/app/4240850/Protect_the_Pit/?snr=1_7_7_comingsoon_150_76,7 August 2026 – 17:00:00 UTC,36,7 August 2026 – 17:00:00 UTC,36,7 August 2026 – 17:00:00 UTC,36
4563870,Miseria,"7 Aug, 2026",https://store.steampowered.com/app/4563870/Miseria/?snr=1_7_7_comingsoon_150_76,7 August 2026 – 17:00:00 UTC,335,7 August 2026 – 17:00:00 UTC,335,7 August 2026 – 17:00:00 UTC,335
4609540,ScaMMO,"7 Aug, 2026",https://store.steampowered.com/app/4609540/ScaMMO/?snr=1_7_7_comingsoon_150_76,7 August 2026 – 17:18:00 UTC,12,7 August 2026 – 17:18:00 UTC,14,7 August 2026 – 17:18:00 UTC,14
4512180,Vivid Intrusion,"7 Aug, 2026",https://store.steampowered.com/app/4512180/Vivid_Intrusion/?snr=1_7_7_comingsoon_150_76,7 August 2026 – 19:00:00 UTC,39,7 August 2026 – 19:00:00 UTC,39,7 August 2026 – 19:00:00 UTC,39
3644170,Shirohebi and The Tower of Mercy,"7 Aug, 2026",https://store.steampowered.com/app/3644170/Shirohebi_and_The_Tower_of_Mercy/?snr=1_7_7_comingsoon_150_76,7 August 2026 – 21:00:00 UTC,10,7 August 2026 – 21:00:00 UTC,10,7 August 2026 – 21:00:00 UTC,10
4861900,Dead Stadium: The Extinction Protocol,"7 Aug, 2026",https://store.steampowered.com/app/4861900/Dead_Stadium_The_Extinction_Protocol/?snr=1_7_7_comingsoon_150_76,7 August 2026 – 21:30:00 UTC,2,7 August 2026 – 21:30:00 UTC,2,7 August 2026 – 21:30:00 UTC,2
4329710,Express 404,"7 Aug, 2026",https://store.steampowered.com/app/4329710/Express_404/?snr=1_7_7_comingsoon_150_76,8 August 2026 – 03:22:00 UTC,26,8 August 2026 – 03:22:00 UTC,26,8 August 2026 – 03:22:00 UTC,26
4437370,Pop! Pachinko,"7 Aug, 2026",https://store.steampowered.com/app/4437370/Pop_Pachinko/?snr=1_7_7_comingsoon_150_77,8 August 2026 – 06:00:00 UTC,58,8 August 2026 – 06:00:00 UTC,58,8 August 2026 – 06:00:00 UTC,58
4190000,Bit Breaker,"9 Aug, 2026",https://store.steampowered.com/app/4190000/Bit_Breaker/?snr=1_7_7_comingsoon_150_77,9 August 2026 – 23:00:00 UTC,8,9 August 2026 – 23:00:00 UTC,8,9 August 2026 – 23:00:00 UTC,8
4739710,Crown Jewels,"9 Aug, 2026",https://store.steampowered.com/app/4739710/Crown_Jewels/?snr=1_7_7_comingsoon_150_77,10 August 2026 – 05:00:00 UTC,1,10 August 2026 – 05:00:00 UTC,1,10 August 2026 – 05:00:00 UTC,1
4102050,The Dungeon Of Horror,"10 Aug, 2026",https://store.steampowered.com/app/4102050/The_Dungeon_Of_Horror/?snr=1_7_7_comingsoon_150_77,10 August 2026 – 09:34:00 UTC,121,10 August 2026 – 09:34:00 UTC,121,10 August 2026 – 09:34:00 UTC,121
4001350,Iron Blight,"10 Aug, 2026",https://store.steampowered.com/app/4001350/Iron_Blight/?snr=1_7_7_comingsoon_150_77,10 August 2026 – 10:00:00 UTC,892,10 August 2026 – 10:00:00 UTC,892,10 August 2026 – 10:00:00 UTC,892
4363230,Rampallians,"10 Aug, 2026",https://store.steampowered.com/app/4363230/Rampallians/?snr=1_7_7_comingsoon_150_77,10 August 2026 – 11:00:00 UTC,8,10 August 2026 – 11:00:00 UTC,8,10 August 2026 – 11:00:00 UTC,8
4006600,Plinkomancy,"10 Aug, 2026",https://store.steampowered.com/app/4006600/Plinkomancy/?snr=1_7_7_comingsoon_150_77,10 August 2026 – 12:00:00 UTC,23,10 August 2026 – 12:00:00 UTC,23,10 August 2026 – 12:00:00 UTC,23
2875150,Backpack Boy,"10 Aug, 2026",https://store.steampowered.com/app/2875150/Backpack_Boy/?snr=1_7_7_comingsoon_150_77,10 August 2026 – 13:00:00 UTC,132,10 August 2026 – 13:00:00 UTC,132,10 August 2026 – 13:00:00 UTC,132
4508020,Hole Is Mine,"10 Aug, 2026",https://store.steampowered.com/app/4508020/Hole_Is_Mine/?snr=1_7_7_comingsoon_150_77,10 August 2026 – 13:00:00 UTC,499,10 August 2026 – 13:00:00 UTC,499,10 August 2026 – 13:00:00 UTC,499
4146210,Meowmories Demo,"10 Aug, 2026",https://store.steampowered.com/app/4110900/Meowmories/?snr=1_7_7_comingsoon_150_77,10 August 2026 – 13:21:00 UTC,无,10 August 2026 – 13:21:00 UTC,无,10 August 2026 – 13:21:00 UTC,0
4461730,Project Looking Glass,"10 Aug, 2026",https://store.steampowered.com/app/4461730/Project_Looking_Glass/?snr=1_7_7_comingsoon_150_77,10 August 2026 – 13:30:00 UTC,96,10 August 2026 – 13:30:00 UTC,96,10 August 2026 – 13:30:00 UTC,96
4539910,PhotoBricks,"10 Aug, 2026",https://store.steampowered.com/app/4539910/PhotoBricks/?snr=1_7_7_comingsoon_150_77,10 August 2026 – 13:56:00 UTC,2,10 August 2026 – 13:56:00 UTC,2,10 August 2026 – 13:56:00 UTC,2
4924530,Manala: Equinox War (Demo),"10 Aug, 2026",https://store.steampowered.com/app/4898080/Manala_Equinox_War/?snr=1_7_7_comingsoon_150_77,10 August 2026 – 15:00:00 UTC,无,10 August 2026 – 15:00:00 UTC,无,10 August 2026 – 15:00:00 UTC,
1067360,Pax Autocratica,"10 Aug, 2026",https://store.steampowered.com/app/1067360/Pax_Autocratica/?snr=1_7_7_comingsoon_150_77,10 August 2026 – 15:00:00 UTC,28192,10 August 2026 – 15:00:00 UTC,28192,10 August 2026 – 15:00:00 UTC,28192
3748480,Homeostasis,"10 Aug, 2026",https://store.steampowered.com/app/3748480/Homeostasis/?snr=1_7_7_comingsoon_150_77,10 August 2026 – 16:00:00 UTC,39,10 August 2026 – 16:00:00 UTC,39,10 August 2026 – 16:00:00 UTC,39
3144340,Cult of PiN,"10 Aug, 2026",https://store.steampowered.com/app/3144340/Cult_of_PiN/?snr=1_7_7_comingsoon_150_77,10 August 2026 – 16:30:00 UTC,407,10 August 2026 – 16:30:00 UTC,407,10 August 2026 – 16:30:00 UTC,407
4415740,The Pale Mimic,"10 Aug, 2026",https://store.steampowered.com/app/4415740/The_Pale_Mimic/?snr=1_7_7_comingsoon_150_77,10 August 2026 – 16:30:00 UTC,392,10 August 2026 – 16:30:00 UTC,392,10 August 2026 – 16:30:00 UTC,392
3957050,Ballatory,"10 Aug, 2026",https://store.steampowered.com/app/3957050/Ballatory/?snr=1_7_7_comingsoon_150_77,10 August 2026 – 17:00:00 UTC,106,10 August 2026 – 17:00:00 UTC,106,10 August 2026 – 17:00:00 UTC,106
4865350,Ballatory - Space Core Skins,"10 Aug, 2026",https://store.steampowered.com/app/4865350/Ballatory__Space_Core_Skins/?snr=1_7_7_comingsoon_150_77,10 August 2026 – 17:00:00 UTC,无,10 August 2026 – 17:00:00 UTC,无,10 August 2026 – 17:00:00 UTC,
4164110,Closed Circuit: Recursive Idle,"10 Aug, 2026",https://store.steampowered.com/app/4164110/Closed_Circuit_Recursive_Idle/?snr=1_7_7_comingsoon_150_77,10 August 2026 – 17:00:00 UTC,8,10 August 2026 – 17:00:00 UTC,8,10 August 2026 – 17:00:00 UTC,8
4503250,Father Forgets,"10 Aug, 2026",https://store.steampowered.com/app/4503250/Father_Forgets/?snr=1_7_7_comingsoon_150_77,10 August 2026 – 17:00:00 UTC,15,10 August 2026 – 17:00:00 UTC,15,10 August 2026 – 17:00:00 UTC,15
4865340,Ballatory - Fantasy Core Skins,"10 Aug, 2026",https://store.steampowered.com/app/4865340/Ballatory__Fantasy_Core_Skins/?snr=1_7_7_comingsoon_150_77,10 August 2026 – 17:00:00 UTC,无,10 August 2026 – 17:00:00 UTC,无,10 August 2026 – 17:00:00 UTC,
4865320,Ballatory - Animal Core Skins,"10 Aug, 2026",https://store.steampowered.com/app/4865320/Ballatory__Animal_Core_Skins/?snr=1_7_7_comingsoon_150_77,10 August 2026 – 17:00:00 UTC,无,10 August 2026 – 17:00:00 UTC,无,10 August 2026 – 17:00:00 UTC,
4865330,Ballatory - Food Core Skins,"10 Aug, 2026",https://store.steampowered.com/app/4865330/Ballatory__Food_Core_Skins/?snr=1_7_7_comingsoon_150_77,10 August 2026 – 17:00:00 UTC,无,10 August 2026 – 17:00:00 UTC,无,10 August 2026 – 17:00:00 UTC,
4681420,EA SPORTS™ MVP Bundle (College Football 27 Deluxe Edition &amp; Madden NFL 27 Deluxe Edition) Pre-order Content,"10 Aug, 2026",https://store.steampowered.com/app/4681420/EA_SPORTS_MVP_Bundle_College_Football_27_Deluxe_Edition__Madden_NFL_27_Deluxe_Edition_Preorder_Content/?snr=1_7_7_comingsoon_150_77,10 August 2026 – 18:00:00 UTC,无,10 August 2026 – 18:00:00 UTC,无,10 August 2026 – 18:00:00 UTC,
3982830,Bottle Cracks,"10 Aug, 2026",https://store.steampowered.com/app/3982830/Bottle_Cracks/?snr=1_7_7_comingsoon_150_78,10 August 2026 – 19:00:00 UTC,109,10 August 2026 – 19:00:00 UTC,109,10 August 2026 – 19:00:00 UTC,109
4195910,Hamster Ballers,"10 Aug, 2026",https://store.steampowered.com/app/4195910/Hamster_Ballers/?snr=1_7_7_comingsoon_150_78,11 August 2026 – 00:00:00 UTC,21,11 August 2026 – 00:00:00 UTC,21,11 August 2026 – 00:00:00 UTC,21
3968360,Deathward,"10 Aug, 2026",https://store.steampowered.com/app/3968360/Deathward/?snr=1_7_7_comingsoon_150_78,11 August 2026 – 04:01:00 UTC,12,11 August 2026 – 04:01:00 UTC,12,11 August 2026 – 04:01:00 UTC,12
4916070,[HERROR] Gas Station Case - Supporter Pack,"11 Aug, 2026",https://store.steampowered.com/app/4916070/HERROR_Gas_Station_Case__Supporter_Pack/?snr=1_7_7_comingsoon_150_78,11 August 2026 – 07:00:00 UTC,无,11 August 2026 – 07:00:00 UTC,无,11 August 2026 – 07:00:00 UTC,
3902800,[HERROR] Gas Station Case,"11 Aug, 2026",https://store.steampowered.com/app/3902800/HERROR_Gas_Station_Case/?snr=1_7_7_comingsoon_150_78,11 August 2026 – 07:00:00 UTC,759,11 August 2026 – 07:00:00 UTC,759,11 August 2026 – 07:00:00 UTC,759
4385440,Bullet Spell,"11 Aug, 2026",https://store.steampowered.com/app/4385440/Bullet_Spell/?snr=1_7_7_comingsoon_150_78,11 August 2026 – 09:00:00 UTC,7,11 August 2026 – 09:00:00 UTC,7,11 August 2026 – 09:00:00 UTC,7
4476070,Astrophobia,"11 Aug, 2026",https://store.steampowered.com/app/4476070/Astrophobia/?snr=1_7_7_comingsoon_150_78,11 August 2026 – 09:00:00 UTC,54,11 August 2026 – 09:00:00 UTC,54,11 August 2026 – 09:00:00 UTC,54
4878210,Astrophobia Soundtrack,"11 Aug, 2026",https://store.steampowered.com/app/4878210/Astrophobia_Soundtrack/?snr=1_7_7_comingsoon_150_78,11 August 2026 – 09:30:00 UTC,无,11 August 2026 – 09:30:00 UTC,无,11 August 2026 – 09:30:00 UTC,
3446730,WildRoot,"11 Aug, 2026",https://store.steampowered.com/app/3446730/WildRoot/?snr=1_7_7_comingsoon_150_78,11 August 2026 – 11:10:00 UTC,53,11 August 2026 – 11:10:00 UTC,53,11 August 2026 – 11:10:00 UTC,53
4625630,Dune War,"11 Aug, 2026",https://store.steampowered.com/app/4625630/Dune_War/?snr=1_7_7_comingsoon_150_78,11 August 2026 – 12:00:00 UTC,2,11 August 2026 – 12:00:00 UTC,2,11 August 2026 – 12:00:00 UTC,2
3994680,Meat Grinder: Hotdog Simulator,"11 Aug, 2026",https://store.steampowered.com/app/3994680/Meat_Grinder_Hotdog_Simulator/?snr=1_7_7_comingsoon_150_78,11 August 2026 – 12:00:00 UTC,243,11 August 2026 – 12:00:00 UTC,243,11 August 2026 – 12:00:00 UTC,243
4652030,AI Apocalypse,"11 Aug, 2026",https://store.steampowered.com/app/4652030/AI_Apocalypse/?snr=1_7_7_comingsoon_150_78,11 August 2026 – 12:59:00 UTC,9,11 August 2026 – 12:59:00 UTC,9,11 August 2026 – 12:59:00 UTC,9
4332200,King’s Well,"11 Aug, 2026",https://store.steampowered.com/app/4332200/Kings_Well/?snr=1_7_7_comingsoon_150_78,11 August 2026 – 13:00:00 UTC,228,11 August 2026 – 13:00:00 UTC,228,11 August 2026 – 13:00:00 UTC,228
4651120,Farming Incremental But With Guns,"11 Aug, 2026",https://store.steampowered.com/app/4651120/Farming_Incremental_But_With_Guns/?snr=1_7_7_comingsoon_150_78,11 August 2026 – 13:00:00 UTC,45,11 August 2026 – 13:00:00 UTC,45,11 August 2026 – 13:00:00 UTC,45
1648360,Luminary,"11 Aug, 2026",https://store.steampowered.com/app/1648360/Luminary/?snr=1_7_7_comingsoon_150_78,11 August 2026 – 14:00:00 UTC,5548,11 August 2026 – 14:00:00 UTC,5548,11 August 2026 – 14:00:00 UTC,5548
3669020,Tiny Monster Haven,"11 Aug, 2026",https://store.steampowered.com/app/3669020/Tiny_Monster_Haven/?snr=1_7_7_comingsoon_150_78,11 August 2026 – 15:00:00 UTC,184,11 August 2026 – 15:00:00 UTC,184,11 August 2026 – 15:00:00 UTC,184
3315060,Ledgerbound,"11 Aug, 2026",https://store.steampowered.com/app/3315060/Ledgerbound/?snr=1_7_7_comingsoon_150_78,11 August 2026 – 15:00:00 UTC,2585,11 August 2026 – 15:00:00 UTC,2585,11 August 2026 – 15:00:00 UTC,2585
4296850,The Rounds of Six,"11 Aug, 2026",https://store.steampowered.com/app/4296850/The_Rounds_of_Six/?snr=1_7_7_comingsoon_150_78,11 August 2026 – 15:00:00 UTC,8,11 August 2026 – 15:00:00 UTC,8,11 August 2026 – 15:00:00 UTC,8
4574300,Bean Wizard Eviscerates the Gonklins,"11 Aug, 2026",https://store.steampowered.com/app/4574300/Bean_Wizard_Eviscerates_the_Gonklins/?snr=1_7_7_comingsoon_150_78,11 August 2026 – 15:00:00 UTC,5,11 August 2026 – 15:00:00 UTC,5,11 August 2026 – 15:00:00 UTC,5
4308560,Heritage,"11 Aug, 2026",https://store.steampowered.com/app/4308560/Heritage/?snr=1_7_7_comingsoon_150_78,11 August 2026 – 15:00:00 UTC,123,11 August 2026 – 15:00:00 UTC,123,11 August 2026 – 15:00:00 UTC,123
4794830,Crime Simulator - Ashen Creek DLC,"11 Aug, 2026",https://store.steampowered.com/app/4794830/Crime_Simulator__Ashen_Creek_DLC/?snr=1_7_7_comingsoon_150_78,11 August 2026 – 15:00:00 UTC,无,11 August 2026 – 15:00:00 UTC,无,11 August 2026 – 15:00:00 UTC,
4502710,Stonewards,"11 Aug, 2026",https://store.steampowered.com/app/4502710/Stonewards/?snr=1_7_7_comingsoon_150_78,11 August 2026 – 15:59:00 UTC,2602,11 August 2026 – 15:59:00 UTC,2602,11 August 2026 – 15:59:00 UTC,2602
1492850,Mulligans Golf Game,"11 Aug, 2026",https://store.steampowered.com/app/1492850/Mulligans_Golf_Game/?snr=1_7_7_comingsoon_150_78,11 August 2026 – 16:00:00 UTC,94,11 August 2026 – 16:00:00 UTC,94,11 August 2026 – 16:00:00 UTC,94
4582980,Regulars,"11 Aug, 2026",https://store.steampowered.com/app/4582980/Regulars/?snr=1_7_7_comingsoon_150_78,11 August 2026 – 16:00:00 UTC,9,11 August 2026 – 16:00:00 UTC,9,11 August 2026 – 16:00:00 UTC,9
3812300,Konekomi Castle,"11 Aug, 2026",https://store.steampowered.com/app/3812300/Konekomi_Castle/?snr=1_7_7_comingsoon_150_78,11 August 2026 – 17:00:00 UTC,10,11 August 2026 – 17:00:00 UTC,10,11 August 2026 – 17:00:00 UTC,10
4540090,DISTURBING FEARS - Workplace,"11 Aug, 2026",https://store.steampowered.com/app/4540090/DISTURBING_FEARS__Workplace/?snr=1_7_7_comingsoon_150_79,11 August 2026 – 17:00:00 UTC,56,11 August 2026 – 17:00:00 UTC,56,11 August 2026 – 17:00:00 UTC,56
4513000,Mexican Train,"11 Aug, 2026",https://store.steampowered.com/app/4513000/Mexican_Train/?snr=1_7_7_comingsoon_150_79,11 August 2026 – 17:00:00 UTC,16,11 August 2026 – 17:00:00 UTC,16,11 August 2026 – 17:00:00 UTC,16
4468190,Eon Empires,"11 Aug, 2026",https://store.steampowered.com/app/4468190/Eon_Empires/?snr=1_7_7_comingsoon_150_79,11 August 2026 – 17:00:00 UTC,74,11 August 2026 – 17:00:00 UTC,74,11 August 2026 – 17:00:00 UTC,74
4377950,Void Salvage,"11 Aug, 2026",https://store.steampowered.com/app/4377950/Void_Salvage/?snr=1_7_7_comingsoon_150_79,11 August 2026 – 17:06:00 UTC,125,11 August 2026 – 17:06:00 UTC,125,11 August 2026 – 17:06:00 UTC,125
4811080,No Visitors Allowed,"11 Aug, 2026",https://store.steampowered.com/app/4811080/No_Visitors_Allowed/?snr=1_7_7_comingsoon_150_79,11 August 2026 – 18:00:00 UTC,41,11 August 2026 – 18:00:00 UTC,41,11 August 2026 – 18:00:00 UTC,41
4799450,Kingdoms vs Zombies,"11 Aug, 2026",https://store.steampowered.com/app/4799450/Kingdoms_vs_Zombies/?snr=1_7_7_comingsoon_150_79,11 August 2026 – 18:18:00 UTC,29,11 August 2026 – 18:18:00 UTC,29,11 August 2026 – 18:18:00 UTC,29
4315550,The Carcass,"11 Aug, 2026",https://store.steampowered.com/app/4315550/The_Carcass/?snr=1_7_7_comingsoon_150_79,11 August 2026 – 20:13:00 UTC,927,11 August 2026 – 20:13:00 UTC,927,11 August 2026 – 20:13:00 UTC,927
4858190,A Game About Shooting Ducks,"11 Aug, 2026",https://store.steampowered.com/app/4858190/A_Game_About_Shooting_Ducks/?snr=1_7_7_comingsoon_150_79,12 August 2026 – 04:07:00 UTC,2,12 August 2026 – 04:07:00 UTC,2,12 August 2026 – 04:07:00 UTC,2
4515150,GUN MONKEY!,"11 Aug, 2026",https://store.steampowered.com/app/4515150/GUN_MONKEY/?snr=1_7_7_comingsoon_150_79,12 August 2026 – 04:30:00 UTC,18,12 August 2026 – 04:30:00 UTC,18,12 August 2026 – 04:30:00 UTC,18
3878090,Pixel Survivors: Defense,"11 Aug, 2026",https://store.steampowered.com/app/3878090/Pixel_Survivors_Defense/?snr=1_7_7_comingsoon_150_79,12 August 2026 – 05:00:00 UTC,101,12 August 2026 – 05:00:00 UTC,101,12 August 2026 – 05:00:00 UTC,101
3335510,Limbot,"12 Aug, 2026",https://store.steampowered.com/app/3335510/Limbot/?snr=1_7_7_comingsoon_150_79,12 August 2026 – 09:20:00 UTC,132,12 August 2026 – 09:20:00 UTC,132,12 August 2026 – 09:20:00 UTC,132
4392210,Bodycam: Deadsplit,"12 Aug, 2026",https://store.steampowered.com/app/4392210/Bodycam_Deadsplit/?snr=1_7_7_comingsoon_150_79,12 August 2026 – 10:00:00 UTC,42,12 August 2026 – 10:00:00 UTC,42,12 August 2026 – 10:00:00 UTC,42
4660280,DUAL PROTOCOL: The Case of Eva &amp; Miles,"12 Aug, 2026",https://store.steampowered.com/app/4660280/DUAL_PROTOCOL_The_Case_of_Eva__Miles/?snr=1_7_7_comingsoon_150_79,12 August 2026 – 11:01:00 UTC,47,12 August 2026 – 11:01:00 UTC,47,12 August 2026 – 11:01:00 UTC,47
4463680,Dorts : A Darts Roguelike,"12 Aug, 2026",https://store.steampowered.com/app/4463680/Dorts__A_Darts_Roguelike/?snr=1_7_7_comingsoon_150_79,12 August 2026 – 12:33:00 UTC,31,12 August 2026 – 12:33:00 UTC,31,12 August 2026 – 12:33:00 UTC,31
4370480,Burnstation,"12 Aug, 2026",https://store.steampowered.com/app/4370480/Burnstation/?snr=1_7_7_comingsoon_150_79,12 August 2026 – 13:00:00 UTC,43,12 August 2026 – 13:00:00 UTC,43,12 August 2026 – 13:00:00 UTC,43
3959530,Landscaper Simulator,"12 Aug, 2026",https://store.steampowered.com/app/3959530/Landscaper_Simulator/?snr=1_7_7_comingsoon_150_79,12 August 2026 – 13:00:00 UTC,242,12 August 2026 – 13:00:00 UTC,242,12 August 2026 – 13:00:00 UTC,242
4664900,Sunder Siege,"12 Aug, 2026",https://store.steampowered.com/app/4664900/Sunder_Siege/?snr=1_7_7_comingsoon_150_79,12 August 2026 – 14:00:00 UTC,21,12 August 2026 – 14:00:00 UTC,21,12 August 2026 – 14:00:00 UTC,21
4356400,Greedy Greedy Gnomes,"12 Aug, 2026",https://store.steampowered.com/app/4356400/Greedy_Greedy_Gnomes/?snr=1_7_7_comingsoon_150_79,12 August 2026 – 14:00:00 UTC,293,12 August 2026 – 14:00:00 UTC,293,12 August 2026 – 14:00:00 UTC,293
3457630,Dwarven Rampart,"12 Aug, 2026",https://store.steampowered.com/app/3457630/Dwarven_Rampart/?snr=1_7_7_comingsoon_150_79,12 August 2026 – 14:54:00 UTC,56,12 August 2026 – 14:54:00 UTC,56,12 August 2026 – 14:54:00 UTC,56
4763670,G.O.D. Global Orbital Defense,"12 Aug, 2026",https://store.steampowered.com/app/4763670/GOD_Global_Orbital_Defense/?snr=1_7_7_comingsoon_150_79,12 August 2026 – 15:15:00 UTC,8,12 August 2026 – 15:15:00 UTC,8,12 August 2026 – 15:15:00 UTC,8
3004390,The Cave Diver,"12 Aug, 2026",https://store.steampowered.com/app/3004390/The_Cave_Diver/?snr=1_7_7_comingsoon_150_79,12 August 2026 – 16:30:00 UTC,899,12 August 2026 – 16:30:00 UTC,899,12 August 2026 – 16:30:00 UTC,899
4839160,Copter Dude,"12 Aug, 2026",https://store.steampowered.com/app/4839160/Copter_Dude/?snr=1_7_7_comingsoon_150_79,12 August 2026 – 16:33:00 UTC,3,12 August 2026 – 16:33:00 UTC,3,12 August 2026 – 16:33:00 UTC,3
2657570,Block Catching,"12 Aug, 2026",https://store.steampowered.com/app/2657570/Block_Catching/?snr=1_7_7_comingsoon_150_79,12 August 2026 – 17:00:00 UTC,23,12 August 2026 – 17:00:00 UTC,23,12 August 2026 – 17:00:00 UTC,23
3473210,Family Manners,"12 Aug, 2026",https://store.steampowered.com/app/3473210/Family_Manners/?snr=1_7_7_comingsoon_150_79,12 August 2026 – 17:00:00 UTC,29,12 August 2026 – 17:00:00 UTC,29,12 August 2026 – 17:00:00 UTC,29
3636520,Harvest Scream,"12 Aug, 2026",https://store.steampowered.com/app/3636520/Harvest_Scream/?snr=1_7_7_comingsoon_150_80,12 August 2026 – 17:00:00 UTC,327,12 August 2026 – 17:00:00 UTC,327,12 August 2026 – 17:00:00 UTC,327
4276440,Quiet Bruise,"12 Aug, 2026",https://store.steampowered.com/app/4276440/Quiet_Bruise/?snr=1_7_7_comingsoon_150_80,12 August 2026 – 17:00:00 UTC,6,12 August 2026 – 17:00:00 UTC,6,12 August 2026 – 17:00:00 UTC,6
4456630,Incremental Fishing,"12 Aug, 2026",https://store.steampowered.com/app/4456630/Incremental_Fishing/?snr=1_7_7_comingsoon_150_80,12 August 2026 – 17:00:00 UTC,46,12 August 2026 – 17:00:00 UTC,46,12 August 2026 – 17:00:00 UTC,46
2133680,Alien Bloom,"12 Aug, 2026",https://store.steampowered.com/app/2133680/Alien_Bloom/?snr=1_7_7_comingsoon_150_80,12 August 2026 – 17:00:00 UTC,2,12 August 2026 – 17:00:00 UTC,3,12 August 2026 – 17:00:00 UTC,3
4006200,Tileweaver,"12 Aug, 2026",https://store.steampowered.com/app/4006200/Tileweaver/?snr=1_7_7_comingsoon_150_80,12 August 2026 – 17:44:00 UTC,53,12 August 2026 – 17:44:00 UTC,53,12 August 2026 – 17:44:00 UTC,53
2411170,Academy: Become a Hero,"12 Aug, 2026",https://store.steampowered.com/app/2411170/Academy_Become_a_Hero/?snr=1_7_7_comingsoon_150_80,12 August 2026 – 18:12:00 UTC,14,12 August 2026 – 18:12:00 UTC,14,12 August 2026 – 18:12:00 UTC,14
3417600,Vaulted Valor,"12 Aug, 2026",https://store.steampowered.com/app/3417600/Vaulted_Valor/?snr=1_7_7_comingsoon_150_80,12 August 2026 – 18:30:00 UTC,31,12 August 2026 – 18:30:00 UTC,31,12 August 2026 – 18:30:00 UTC,31
4168210,Author Sim,"12 Aug, 2026",https://store.steampowered.com/app/4168210/Author_Sim/?snr=1_7_7_comingsoon_150_80,12 August 2026 – 19:00:00 UTC,85,12 August 2026 – 19:00:00 UTC,85,12 August 2026 – 19:00:00 UTC,85
4872310,Cylindrika,"12 Aug, 2026",https://store.steampowered.com/app/4872310/Cylindrika/?snr=1_7_7_comingsoon_150_80,12 August 2026 – 19:00:00 UTC,1,12 August 2026 – 19:00:00 UTC,1,12 August 2026 – 19:00:00 UTC,1
4246300,Chainsaw,"12 Aug, 2026",https://store.steampowered.com/app/4246300/Chainsaw/?snr=1_7_7_comingsoon_150_80,12 August 2026 – 20:00:00 UTC,83,12 August 2026 – 20:00:00 UTC,83,12 August 2026 – 20:00:00 UTC,83
4200520,Rage Bait,"12 Aug, 2026",https://store.steampowered.com/app/4200520/Rage_Bait/?snr=1_7_7_comingsoon_150_80,12 August 2026 – 22:32:00 UTC,51,12 August 2026 – 22:32:00 UTC,51,12 August 2026 – 22:32:00 UTC,51
663950,Ruin,"12 Aug, 2026",https://store.steampowered.com/app/663950/Ruin/?snr=1_7_7_comingsoon_150_80,12 August 2026 – 23:24:00 UTC,262,12 August 2026 – 23:24:00 UTC,262,12 August 2026 – 23:24:00 UTC,262
3397100,Eye of the Incubus,"12 Aug, 2026",https://store.steampowered.com/app/3397100/Eye_of_the_Incubus/?snr=1_7_7_comingsoon_150_80,13 August 2026 – 01:00:00 UTC,367,13 August 2026 – 01:00:00 UTC,367,13 August 2026 – 01:00:00 UTC,367
3294300,Dinosaur,"13 Aug, 2026",https://store.steampowered.com/app/3294300/Dinosaur/?snr=1_7_7_comingsoon_150_80,13 August 2026 – 07:13:00 UTC,788,13 August 2026 – 07:13:00 UTC,788,13 August 2026 – 07:13:00 UTC,788
4622790,Pin Money,"13 Aug, 2026",https://store.steampowered.com/app/4622790/Pin_Money/?snr=1_7_7_comingsoon_150_80,13 August 2026 – 08:00:00 UTC,19,13 August 2026 – 08:00:00 UTC,19,13 August 2026 – 08:00:00 UTC,19
3451980,Soul's Remnant,"13 Aug, 2026",https://store.steampowered.com/app/3451980/Souls_Remnant/?snr=1_7_7_comingsoon_150_80,13 August 2026 – 11:00:00 UTC,764,13 August 2026 – 11:00:00 UTC,764,13 August 2026 – 11:00:00 UTC,764
3881960,The Box of Fear,"13 Aug, 2026",https://store.steampowered.com/app/3881960/The_Box_of_Fear/?snr=1_7_7_comingsoon_150_80,13 August 2026 – 12:30:00 UTC,80,13 August 2026 – 12:30:00 UTC,80,13 August 2026 – 12:30:00 UTC,80
3636770,Servant of the Lake,"13 Aug, 2026",https://store.steampowered.com/app/3636770/Servant_of_the_Lake/?snr=1_7_7_comingsoon_150_80,13 August 2026 – 12:44:00 UTC,11660,13 August 2026 – 12:44:00 UTC,11660,13 August 2026 – 12:44:00 UTC,11660
4487450,Cairn - On the Trail: Deep Water,"13 Aug, 2026",https://store.steampowered.com/app/4487450/Cairn__On_the_Trail_Deep_Water/?snr=1_7_7_comingsoon_150_80,13 August 2026 – 13:00:00 UTC,无,13 August 2026 – 13:00:00 UTC,无,13 August 2026 – 13:00:00 UTC,
4208140,Defender of the Crown: The Legend Returns,"13 Aug, 2026",https://store.steampowered.com/app/4208140/Defender_of_the_Crown_The_Legend_Returns/?snr=1_7_7_comingsoon_150_80,13 August 2026 – 13:00:00 UTC,无,13 August 2026 – 13:00:00 UTC,2877,13 August 2026 – 13:00:00 UTC,2877
4094660,Rivage,"13 Aug, 2026",https://store.steampowered.com/app/4094660/Rivage/?snr=1_7_7_comingsoon_150_80,13 August 2026 – 13:00:00 UTC,6705,13 August 2026 – 13:00:00 UTC,6705,13 August 2026 – 13:00:00 UTC,6705
2542020,Duskfade,"13 Aug, 2026",https://store.steampowered.com/app/2542020/Duskfade/?snr=1_7_7_comingsoon_150_80,13 August 2026 – 13:00:00 UTC,7490,13 August 2026 – 13:00:00 UTC,7490,13 August 2026 – 13:00:00 UTC,7490
3167920,Low-Budget Repairs,"13 Aug, 2026",https://store.steampowered.com/app/3167920/LowBudget_Repairs/?snr=1_7_7_comingsoon_150_80,13 August 2026 – 14:00:00 UTC,48472,13 August 2026 – 14:00:00 UTC,48472,13 August 2026 – 14:00:00 UTC,48472
3281790,Vape Store Miami,"13 Aug, 2026",https://store.steampowered.com/app/3281790/Vape_Store_Miami/?snr=1_7_7_comingsoon_150_80,13 August 2026 – 14:00:00 UTC,124,13 August 2026 – 14:00:00 UTC,124,13 August 2026 – 14:00:00 UTC,124
3431400,Crimson Covenant,"13 Aug, 2026",https://store.steampowered.com/app/3431400/Crimson_Covenant/?snr=1_7_7_comingsoon_150_80,13 August 2026 – 14:40:00 UTC,30,13 August 2026 – 14:40:00 UTC,30,13 August 2026 – 14:40:00 UTC,30
2764460,Sandustry,"13 Aug, 2026",https://store.steampowered.com/app/2764460/Sandustry/?snr=1_7_7_comingsoon_150_81,13 August 2026 – 15:00:00 UTC,8526,13 August 2026 – 15:00:00 UTC,8526,13 August 2026 – 15:00:00 UTC,8526
3711050,BeaterCore,"13 Aug, 2026",https://store.steampowered.com/app/3711050/BeaterCore/?snr=1_7_7_comingsoon_150_81,13 August 2026 – 15:00:00 UTC,363,13 August 2026 – 15:00:00 UTC,363,13 August 2026 – 15:00:00 UTC,363
3294440,Memoirium,"13 Aug, 2026",https://store.steampowered.com/app/3294440/Memoirium/?snr=1_7_7_comingsoon_150_81,13 August 2026 – 16:00:00 UTC,553,13 August 2026 – 16:00:00 UTC,553,13 August 2026 – 16:00:00 UTC,553
3979140,Karma Keepers,"13 Aug, 2026",https://store.steampowered.com/app/3979140/Karma_Keepers/?snr=1_7_7_comingsoon_150_81,13 August 2026 – 16:00:00 UTC,94,13 August 2026 – 16:00:00 UTC,94,13 August 2026 – 16:00:00 UTC,94
3079210,Hell Let Loose: Vietnam,"13 Aug, 2026",https://store.steampowered.com/app/3079210/Hell_Let_Loose_Vietnam/?snr=1_7_7_comingsoon_150_81,13 August 2026 – 16:00:00 UTC,57528,13 August 2026 – 16:00:00 UTC,57528,13 August 2026 – 16:00:00 UTC,57528
4435760,Hellbridge,"13 Aug, 2026",https://store.steampowered.com/app/4435760/Hellbridge/?snr=1_7_7_comingsoon_150_81,13 August 2026 – 16:40:00 UTC,90,13 August 2026 – 16:40:00 UTC,90,13 August 2026 – 16:40:00 UTC,90
1921490,Wild Blue Skies,"13 Aug, 2026",https://store.steampowered.com/app/1921490/Wild_Blue_Skies/?snr=1_7_7_comingsoon_150_81,13 August 2026 – 17:00:00 UTC,7034,13 August 2026 – 17:00:00 UTC,7034,13 August 2026 – 17:00:00 UTC,7034
3394840,Clawed,"13 Aug, 2026",https://store.steampowered.com/app/3394840/Clawed/?snr=1_7_7_comingsoon_150_81,13 August 2026 – 17:00:00 UTC,9833,13 August 2026 – 17:00:00 UTC,9833,13 August 2026 – 17:00:00 UTC,9833
4309740,Dash'n'Drops,"13 Aug, 2026",https://store.steampowered.com/app/4309740/DashnDrops/?snr=1_7_7_comingsoon_150_81,13 August 2026 – 17:00:00 UTC,196,13 August 2026 – 17:00:00 UTC,196,13 August 2026 – 17:00:00 UTC,196
4626940,Scratch the Ticket,"13 Aug, 2026",https://store.steampowered.com/app/4626940/Scratch_the_Ticket/?snr=1_7_7_comingsoon_150_81,13 August 2026 – 17:00:00 UTC,380,13 August 2026 – 17:00:00 UTC,380,13 August 2026 – 17:00:00 UTC,380
3940610,EA SPORTS™ Madden NFL 27,"13 Aug, 2026",https://store.steampowered.com/app/3940610/EA_SPORTS_Madden_NFL_27/?snr=1_7_7_comingsoon_150_81,13 August 2026 – 18:00:00 UTC,772,13 August 2026 – 18:00:00 UTC,772,13 August 2026 – 18:00:00 UTC,772
4855970,Highway Station Simulator,"13 Aug, 2026",https://store.steampowered.com/app/4855970/Highway_Station_Simulator/?snr=1_7_7_comingsoon_150_81,13 August 2026 – 18:54:00 UTC,15,13 August 2026 – 18:54:00 UTC,15,13 August 2026 – 18:54:00 UTC,15
4370460,soulstation,"13 Aug, 2026",https://store.steampowered.com/app/4370460/soulstation/?snr=1_7_7_comingsoon_150_81,13 August 2026 – 19:00:00 UTC,53,13 August 2026 – 19:00:00 UTC,53,13 August 2026 – 19:00:00 UTC,53
3865430,Terrol,"13 Aug, 2026",https://store.steampowered.com/app/3865430/Terrol/?snr=1_7_7_comingsoon_150_81,13 August 2026 – 19:00:00 UTC,11,13 August 2026 – 19:00:00 UTC,11,13 August 2026 – 19:00:00 UTC,11
4155880,Lucky Break,"13 Aug, 2026",https://store.steampowered.com/app/4155880/Lucky_Break/?snr=1_7_7_comingsoon_150_81,13 August 2026 – 23:40:00 UTC,18,13 August 2026 – 23:40:00 UTC,18,13 August 2026 – 23:40:00 UTC,18
4141900,The Corrupted,"13 Aug, 2026",https://store.steampowered.com/app/4141900/The_Corrupted/?snr=1_7_7_comingsoon_150_81,14 August 2026 – 00:00:00 UTC,32,14 August 2026 – 00:00:00 UTC,32,14 August 2026 – 00:00:00 UTC,32
3840100,Miraclawns,"13 Aug, 2026",https://store.steampowered.com/app/3840100/Miraclawns/?snr=1_7_7_comingsoon_150_81,14 August 2026 – 01:00:00 UTC,7,14 August 2026 – 01:00:00 UTC,7,14 August 2026 – 01:00:00 UTC,7
4333980,Selfie Worm,"13 Aug, 2026",https://store.steampowered.com/app/4333980/Selfie_Worm/?snr=1_7_7_comingsoon_150_81,14 August 2026 – 01:00:00 UTC,43,14 August 2026 – 01:00:00 UTC,43,14 August 2026 – 01:00:00 UTC,43
4133840,Shadow of Juarez,"13 Aug, 2026",https://store.steampowered.com/app/4133840/Shadow_of_Juarez/?snr=1_7_7_comingsoon_150_81,14 August 2026 – 02:00:00 UTC,3,14 August 2026 – 02:00:00 UTC,3,14 August 2026 – 02:00:00 UTC,3
3818020,Evil School,"13 Aug, 2026",https://store.steampowered.com/app/3818020/Evil_School/?snr=1_7_7_comingsoon_150_81,14 August 2026 – 03:00:00 UTC,814,14 August 2026 – 03:00:00 UTC,814,14 August 2026 – 03:00:00 UTC,814
3670560,temp,"13 Aug, 2026",https://store.steampowered.com/app/3670560/temp/?snr=1_7_7_comingsoon_150_81,14 August 2026 – 05:00:00 UTC,无,14 August 2026 – 05:00:00 UTC,无,14 August 2026 – 05:00:00 UTC,4
3584920,Chinese Street Food Legend,"14 Aug, 2026",https://store.steampowered.com/app/3584920/Chinese_Street_Food_Legend/?snr=1_7_7_comingsoon_150_81,14 August 2026 – 07:00:00 UTC,432,14 August 2026 – 07:00:00 UTC,432,14 August 2026 – 07:00:00 UTC,432
4459930,The Aether Project,"14 Aug, 2026",https://store.steampowered.com/app/4459930/The_Aether_Project/?snr=1_7_7_comingsoon_150_81,14 August 2026 – 08:10:00 UTC,6,14 August 2026 – 08:10:00 UTC,6,14 August 2026 – 08:10:00 UTC,6
4553170,Cozy Interiors,"14 Aug, 2026",https://store.steampowered.com/app/4553170/Cozy_Interiors/?snr=1_7_7_comingsoon_150_81,14 August 2026 – 08:54:00 UTC,192,14 August 2026 – 08:54:00 UTC,192,14 August 2026 – 08:54:00 UTC,192
4529440,FD 27: Direct Your Football Club,"14 Aug, 2026",https://store.steampowered.com/app/4529440/FD_27_Direct_Your_Football_Club/?snr=1_7_7_comingsoon_150_81,14 August 2026 – 09:00:00 UTC,543,14 August 2026 – 09:00:00 UTC,543,14 August 2026 – 09:00:00 UTC,543
3806630,DEFEAT THE GOBLIN KING,"14 Aug, 2026",https://store.steampowered.com/app/3806630/DEFEAT_THE_GOBLIN_KING/?snr=1_7_7_comingsoon_150_82,14 August 2026 – 11:00:00 UTC,19,14 August 2026 – 11:00:00 UTC,19,14 August 2026 – 11:00:00 UTC,19
4568110,Tahoe Joe,"14 Aug, 2026",https://store.steampowered.com/app/4568110/Tahoe_Joe/?snr=1_7_7_comingsoon_150_82,14 August 2026 – 11:00:00 UTC,4,14 August 2026 – 11:00:00 UTC,4,14 August 2026 – 11:00:00 UTC,4
3334100,Shippin,"14 Aug, 2026",https://store.steampowered.com/app/3334100/Shippin/?snr=1_7_7_comingsoon_150_82,14 August 2026 – 11:30:00 UTC,158,14 August 2026 – 11:30:00 UTC,158,14 August 2026 – 11:30:00 UTC,158
4054050,O.B.O.L,"14 Aug, 2026",https://store.steampowered.com/app/4054050/OBOL/?snr=1_7_7_comingsoon_150_82,14 August 2026 – 12:30:00 UTC,50,14 August 2026 – 12:30:00 UTC,50,14 August 2026 – 12:30:00 UTC,50
4209830,One Last Hand,"14 Aug, 2026",https://store.steampowered.com/app/4209830/One_Last_Hand/?snr=1_7_7_comingsoon_150_82,14 August 2026 – 13:00:00 UTC,165,14 August 2026 – 13:00:00 UTC,165,14 August 2026 – 13:00:00 UTC,165
4719100,Trauma playground Demo,"14 Aug, 2026",https://store.steampowered.com/app/4719100/Trauma_playground_Demo/?snr=1_7_7_comingsoon_150_82,14 August 2026 – 13:36:00 UTC,无,14 August 2026 – 13:36:00 UTC,无,14 August 2026 – 13:36:00 UTC,
4825210,Pop Star Life,"14 Aug, 2026",https://store.steampowered.com/app/4825210/Pop_Star_Life/?snr=1_7_7_comingsoon_150_82,14 August 2026 – 14:00:00 UTC,5,14 August 2026 – 14:00:00 UTC,5,14 August 2026 – 14:00:00 UTC,5
4484760,Spright,"14 Aug, 2026",https://store.steampowered.com/app/4484760/Spright/?snr=1_7_7_comingsoon_150_82,14 August 2026 – 14:15:00 UTC,37,14 August 2026 – 14:15:00 UTC,37,14 August 2026 – 14:15:00 UTC,37
4265570,Parking in Tight Spaces,"14 Aug, 2026",https://store.steampowered.com/app/4265570/Parking_in_Tight_Spaces/?snr=1_7_7_comingsoon_150_82,14 August 2026 – 14:29:00 UTC,139,14 August 2026 – 14:29:00 UTC,139,14 August 2026 – 14:29:00 UTC,139
3930370,The Newspapers of the day,"14 Aug, 2026",https://store.steampowered.com/app/3930370/The_Newspapers_of_the_day/?snr=1_7_7_comingsoon_150_82,14 August 2026 – 14:59:00 UTC,40,14 August 2026 – 14:59:00 UTC,40,14 August 2026 – 14:59:00 UTC,40
4511900,Sandwich +1,"14 Aug, 2026",https://store.steampowered.com/app/4511900/Sandwich_1/?snr=1_7_7_comingsoon_150_82,14 August 2026 – 15:00:00 UTC,43,14 August 2026 – 15:00:00 UTC,43,14 August 2026 – 15:00:00 UTC,43
4017050,DDD: Demons Double Down,"14 Aug, 2026",https://store.steampowered.com/app/4017050/DDD_Demons_Double_Down/?snr=1_7_7_comingsoon_150_82,14 August 2026 – 15:17:00 UTC,137,14 August 2026 – 15:17:00 UTC,137,14 August 2026 – 15:17:00 UTC,137
4742920,Arcade &amp; Motel Simulator Together,"14 Aug, 2026",https://store.steampowered.com/app/4742920/Arcade__Motel_Simulator_Together/?snr=1_7_7_comingsoon_150_82,14 August 2026 – 15:24:00 UTC,1,14 August 2026 – 15:24:00 UTC,1,14 August 2026 – 15:24:00 UTC,1
4882040,My City,"14 Aug, 2026",https://store.steampowered.com/app/4882040/My_City/?snr=1_7_7_comingsoon_150_82,14 August 2026 – 15:48:00 UTC,1,14 August 2026 – 15:48:00 UTC,1,14 August 2026 – 15:48:00 UTC,1
3947040,Pegfinity,"14 Aug, 2026",https://store.steampowered.com/app/3947040/Pegfinity/?snr=1_7_7_comingsoon_150_82,14 August 2026 – 16:00:00 UTC,100,14 August 2026 – 16:00:00 UTC,100,14 August 2026 – 16:00:00 UTC,100
4210110,Strange Zoo,"14 Aug, 2026",https://store.steampowered.com/app/4210110/Strange_Zoo/?snr=1_7_7_comingsoon_150_82,14 August 2026 – 16:00:00 UTC,13,14 August 2026 – 16:00:00 UTC,13,14 August 2026 – 16:00:00 UTC,13
4492700,Mafia: The Old Country - Man of Honor,"14 Aug, 2026",https://store.steampowered.com/app/4492700/Mafia_The_Old_Country__Man_of_Honor/?snr=1_7_7_comingsoon_150_82,14 August 2026 – 16:00:00 UTC,无,14 August 2026 – 16:00:00 UTC,无,14 August 2026 – 16:00:00 UTC,
4593660,Totally Normal Meat Co.,"14 Aug, 2026",https://store.steampowered.com/app/4593660/Totally_Normal_Meat_Co/?snr=1_7_7_comingsoon_150_82,14 August 2026 – 16:30:00 UTC,8,14 August 2026 – 16:30:00 UTC,8,14 August 2026 – 16:30:00 UTC,8
4299460,Sweepcremental,"14 Aug, 2026",https://store.steampowered.com/app/4299460/Sweepcremental/?snr=1_7_7_comingsoon_150_82,14 August 2026 – 17:05:00 UTC,163,14 August 2026 – 17:05:00 UTC,163,14 August 2026 – 17:05:00 UTC,163
4657730,Grandpa Needs Fish,"14 Aug, 2026",https://store.steampowered.com/app/4657730/Grandpa_Needs_Fish/?snr=1_7_7_comingsoon_150_82,14 August 2026 – 17:30:00 UTC,61,14 August 2026 – 17:30:00 UTC,61,14 August 2026 – 17:30:00 UTC,61
4163480,Dewdrop,"14 Aug, 2026",https://store.steampowered.com/app/4163480/Dewdrop/?snr=1_7_7_comingsoon_150_82,14 August 2026 – 19:00:00 UTC,77,14 August 2026 – 19:00:00 UTC,77,14 August 2026 – 19:00:00 UTC,77
4400320,Nuktedan: The Forgotten Emotions,"14 Aug, 2026",https://store.steampowered.com/app/4400320/Nuktedan_The_Forgotten_Emotions/?snr=1_7_7_comingsoon_150_82,14 August 2026 – 19:00:00 UTC,16,14 August 2026 – 19:00:00 UTC,16,14 August 2026 – 19:00:00 UTC,16
4715270,Sun Ultimate War,"15 Aug, 2026",https://store.steampowered.com/app/4715270/Sun_Ultimate_War/?snr=1_7_7_comingsoon_150_82,15 August 2026 – 11:00:00 UTC,7,15 August 2026 – 11:00:00 UTC,7,15 August 2026 – 11:00:00 UTC,7
4831310,Karma Kingdom,"15 Aug, 2026",https://store.steampowered.com/app/4831310/Karma_Kingdom/?snr=1_7_7_comingsoon_150_82,15 August 2026 – 19:38:00 UTC,1,15 August 2026 – 19:38:00 UTC,1,15 August 2026 – 19:38:00 UTC,1
3667050,RHYTHMKILL,"16 Aug, 2026",https://store.steampowered.com/app/3667050/RHYTHMKILL/?snr=1_7_7_comingsoon_150_82,16 August 2026 – 21:00:00 UTC,130,16 August 2026 – 21:00:00 UTC,130,16 August 2026 – 21:00:00 UTC,130
4556460,Social Lab Demo,"16 Aug, 2026",https://store.steampowered.com/app/4556460/Social_Lab_Demo/?snr=1_7_7_comingsoon_150_83,16 August 2026 – 23:58:00 UTC,无,16 August 2026 – 23:58:00 UTC,无,16 August 2026 – 23:58:00 UTC,0
4812710,Cyber Pinball,"17 Aug, 2026",https://store.steampowered.com/app/4812710/Cyber_Pinball/?snr=1_7_7_comingsoon_150_83,17 August 2026 – 08:00:00 UTC,1,17 August 2026 – 08:00:00 UTC,1,17 August 2026 – 08:00:00 UTC,1
4888210,Fail Games,"17 Aug, 2026",https://store.steampowered.com/app/4888210/Fail_Games/?snr=1_7_7_comingsoon_150_83,17 August 2026 – 08:00:00 UTC,1,17 August 2026 – 08:00:00 UTC,1,17 August 2026 – 08:00:00 UTC,1
4380770,Balls &amp; Gamble,"17 Aug, 2026",https://store.steampowered.com/app/4380770/Balls__Gamble/?snr=1_7_7_comingsoon_150_83,17 August 2026 – 09:00:00 UTC,22,17 August 2026 – 09:00:00 UTC,22,17 August 2026 – 09:00:00 UTC,22
3503710,Medieval Horse Dealer Simulator,"17 Aug, 2026",https://store.steampowered.com/app/3503710/Medieval_Horse_Dealer_Simulator/?snr=1_7_7_comingsoon_150_83,17 August 2026 – 13:00:00 UTC,1023,17 August 2026 – 13:00:00 UTC,1023,17 August 2026 – 13:00:00 UTC,1023
3598690,Pachinko Farm,"17 Aug, 2026",https://store.steampowered.com/app/3598690/Pachinko_Farm/?snr=1_7_7_comingsoon_150_83,17 August 2026 – 13:00:00 UTC,147,17 August 2026 – 13:00:00 UTC,147,17 August 2026 – 13:00:00 UTC,147
3147720,Dual Cat: Max,"17 Aug, 2026",https://store.steampowered.com/app/3147720/Dual_Cat_Max/?snr=1_7_7_comingsoon_150_83,17 August 2026 – 14:00:00 UTC,30,17 August 2026 – 14:00:00 UTC,30,17 August 2026 – 14:00:00 UTC,30
3985330,BURNED HORIZONS,"17 Aug, 2026",https://store.steampowered.com/app/3985330/BURNED_HORIZONS/?snr=1_7_7_comingsoon_150_83,17 August 2026 – 14:00:00 UTC,1040,17 August 2026 – 14:00:00 UTC,1040,17 August 2026 – 14:00:00 UTC,1040
4061790,Skye's Repose,"17 Aug, 2026",https://store.steampowered.com/app/4061790/Skyes_Repose/?snr=1_7_7_comingsoon_150_83,17 August 2026 – 14:00:00 UTC,9,17 August 2026 – 14:00:00 UTC,9,17 August 2026 – 14:00:00 UTC,9
4370990,FEED IT,"17 Aug, 2026",https://store.steampowered.com/app/4370990/FEED_IT/?snr=1_7_7_comingsoon_150_83,17 August 2026 – 14:00:00 UTC,277,17 August 2026 – 14:00:00 UTC,277,17 August 2026 – 14:00:00 UTC,277
2933200,Tukoni: Forest Keepers,"17 Aug, 2026",https://store.steampowered.com/app/2933200/Tukoni_Forest_Keepers/?snr=1_7_7_comingsoon_150_83,17 August 2026 – 14:00:00 UTC,2628,17 August 2026 – 14:00:00 UTC,2628,17 August 2026 – 14:00:00 UTC,2628
4519820,Vanguard - Idle Auto Battler,"17 Aug, 2026",https://store.steampowered.com/app/4519820/Vanguard__Idle_Auto_Battler/?snr=1_7_7_comingsoon_150_83,17 August 2026 – 14:36:00 UTC,13,17 August 2026 – 14:36:00 UTC,13,17 August 2026 – 14:36:00 UTC,13
4421160,Lurk in Abyss,"17 Aug, 2026",https://store.steampowered.com/app/4421160/Lurk_in_Abyss/?snr=1_7_7_comingsoon_150_83,17 August 2026 – 14:40:00 UTC,12,17 August 2026 – 14:40:00 UTC,12,17 August 2026 – 14:40:00 UTC,12
2985970,Brain Hack Squad,"17 Aug, 2026",https://store.steampowered.com/app/2985970/Brain_Hack_Squad/?snr=1_7_7_comingsoon_150_83,17 August 2026 – 14:53:00 UTC,153,17 August 2026 – 14:53:00 UTC,153,17 August 2026 – 14:53:00 UTC,153
4268200,Excremental Game,"17 Aug, 2026",https://store.steampowered.com/app/4268200/Excremental_Game/?snr=1_7_7_comingsoon_150_83,17 August 2026 – 15:00:00 UTC,51,17 August 2026 – 15:00:00 UTC,51,17 August 2026 – 15:00:00 UTC,51
3212820,Solar Wave,"17 Aug, 2026",https://store.steampowered.com/app/3212820/Solar_Wave/?snr=1_7_7_comingsoon_150_83,17 August 2026 – 15:00:00 UTC,596,17 August 2026 – 15:00:00 UTC,596,17 August 2026 – 15:00:00 UTC,596
4086870,Working Class Monsters,"17 Aug, 2026",https://store.steampowered.com/app/4086870/Working_Class_Monsters/?snr=1_7_7_comingsoon_150_83,17 August 2026 – 15:18:00 UTC,21,17 August 2026 – 15:18:00 UTC,21,17 August 2026 – 15:18:00 UTC,21
2944490,A Dungeon Is You,"17 Aug, 2026",https://store.steampowered.com/app/2944490/A_Dungeon_Is_You/?snr=1_7_7_comingsoon_150_83,17 August 2026 – 16:00:00 UTC,84,17 August 2026 – 16:00:00 UTC,84,17 August 2026 – 16:00:00 UTC,84
3784200,Robugs,"17 Aug, 2026",https://store.steampowered.com/app/3784200/Robugs/?snr=1_7_7_comingsoon_150_83,17 August 2026 – 16:00:00 UTC,17,17 August 2026 – 16:00:00 UTC,17,17 August 2026 – 16:00:00 UTC,17
2477710,Nimbit Frontier,"17 Aug, 2026",https://store.steampowered.com/app/2477710/Nimbit_Frontier/?snr=1_7_7_comingsoon_150_83,17 August 2026 – 16:00:00 UTC,1487,17 August 2026 – 16:00:00 UTC,1487,17 August 2026 – 16:00:00 UTC,1487
4554270,Hell Cleaners,"17 Aug, 2026",https://store.steampowered.com/app/4554270/Hell_Cleaners/?snr=1_7_7_comingsoon_150_83,17 August 2026 – 16:34:00 UTC,43,17 August 2026 – 16:34:00 UTC,43,17 August 2026 – 16:34:00 UTC,43
2796250,Beware the Depths,"17 Aug, 2026",https://store.steampowered.com/app/2796250/Beware_the_Depths/?snr=1_7_7_comingsoon_150_83,17 August 2026 – 17:00:00 UTC,325,17 August 2026 – 17:00:00 UTC,325,17 August 2026 – 17:00:00 UTC,325
4077060,Void Pachinko,"17 Aug, 2026",https://store.steampowered.com/app/4077060/Void_Pachinko/?snr=1_7_7_comingsoon_150_83,17 August 2026 – 17:00:00 UTC,200,17 August 2026 – 17:00:00 UTC,200,17 August 2026 – 17:00:00 UTC,200
3874160,NIPH,"17 Aug, 2026",https://store.steampowered.com/app/3874160/NIPH/?snr=1_7_7_comingsoon_150_83,17 August 2026 – 17:00:00 UTC,18,17 August 2026 – 17:00:00 UTC,18,17 August 2026 – 17:00:00 UTC,18
4755080,Peg Cascade,"17 Aug, 2026",https://store.steampowered.com/app/4755080/Peg_Cascade/?snr=1_7_7_comingsoon_150_83,17 August 2026 – 17:00:00 UTC,4,17 August 2026 – 17:00:00 UTC,4,17 August 2026 – 17:00:00 UTC,4
4707520,Jarnasmal,"17 Aug, 2026",https://store.steampowered.com/app/4707520/Jarnasmal/?snr=1_7_7_comingsoon_150_84,17 August 2026 – 17:00:00 UTC,15,17 August 2026 – 17:00:00 UTC,15,17 August 2026 – 17:00:00 UTC,15
3756870,Project DeepWeb: Eternal Nightmare,"17 Aug, 2026",https://store.steampowered.com/app/3756870/Project_DeepWeb_Eternal_Nightmare/?snr=1_7_7_comingsoon_150_84,17 August 2026 – 17:00:00 UTC,68,17 August 2026 – 17:00:00 UTC,68,17 August 2026 – 17:00:00 UTC,68
4367760,The Ice is Watching,"17 Aug, 2026",https://store.steampowered.com/app/4367760/The_Ice_is_Watching/?snr=1_7_7_comingsoon_150_84,17 August 2026 – 17:00:00 UTC,24,17 August 2026 – 17:00:00 UTC,24,17 August 2026 – 17:00:00 UTC,24
4646020,Crystal Breaker,"17 Aug, 2026",https://store.steampowered.com/app/4646020/Crystal_Breaker/?snr=1_7_7_comingsoon_150_84,17 August 2026 – 17:00:00 UTC,756,17 August 2026 – 17:00:00 UTC,756,17 August 2026 – 17:00:00 UTC,756
4661270,ARCWATT: Power Empire,"17 Aug, 2026",https://store.steampowered.com/app/4661270/ARCWATT_Power_Empire/?snr=1_7_7_comingsoon_150_84,17 August 2026 – 17:00:00 UTC,5,17 August 2026 – 17:00:00 UTC,5,17 August 2026 – 17:00:00 UTC,5
4677280,GUTTED: Infested Crypts,"17 Aug, 2026",https://store.steampowered.com/app/4677280/GUTTED_Infested_Crypts/?snr=1_7_7_comingsoon_150_84,17 August 2026 – 17:00:00 UTC,202,17 August 2026 – 17:00:00 UTC,202,17 August 2026 – 17:00:00 UTC,202
4180620,Submerge,"17 Aug, 2026",https://store.steampowered.com/app/4180620/Submerge/?snr=1_7_7_comingsoon_150_84,17 August 2026 – 18:00:00 UTC,127,17 August 2026 – 18:00:00 UTC,127,17 August 2026 – 18:00:00 UTC,127
4448490,Planet Harvester: Incremental Odyssey,"17 Aug, 2026",https://store.steampowered.com/app/4448490/Planet_Harvester_Incremental_Odyssey/?snr=1_7_7_comingsoon_150_84,17 August 2026 – 18:40:00 UTC,110,17 August 2026 – 18:40:00 UTC,110,17 August 2026 – 18:40:00 UTC,110
3531650,Anubis,"17 Aug, 2026",https://store.steampowered.com/app/3531650/Anubis/?snr=1_7_7_comingsoon_150_84,17 August 2026 – 19:00:00 UTC,6,17 August 2026 – 19:00:00 UTC,110,17 August 2026 – 19:00:00 UTC,6
4211540,Mothership Down,"17 Aug, 2026",https://store.steampowered.com/app/4211540/Mothership_Down/?snr=1_7_7_comingsoon_150_84,17 August 2026 – 22:21:00 UTC,34,17 August 2026 – 22:21:00 UTC,34,17 August 2026 – 22:21:00 UTC,34
4412960,光与影之恋 Chiaroscuro Lovers,"17 Aug, 2026",https://store.steampowered.com/app/4412960/_Chiaroscuro_Lovers/?snr=1_7_7_comingsoon_150_84,18 August 2026 – 02:00:00 UTC,195,18 August 2026 – 02:00:00 UTC,195,18 August 2026 – 02:00:00 UTC,195
4846690,Lord of Kensai,"17 Aug, 2026",https://store.steampowered.com/app/4846690/Lord_of_Kensai/?snr=1_7_7_comingsoon_150_84,18 August 2026 – 03:08:00 UTC,2,18 August 2026 – 03:08:00 UTC,2,18 August 2026 – 03:08:00 UTC,2
4846800,1000 Princes: ChouChou Condo,"17 Aug, 2026",https://store.steampowered.com/app/4846800/1000_Princes_ChouChou_Condo/?snr=1_7_7_comingsoon_150_84,18 August 2026 – 04:22:00 UTC,5,18 August 2026 – 04:22:00 UTC,5,18 August 2026 – 04:22:00 UTC,5
4513060,Yandere Virus,"17 Aug, 2026",https://store.steampowered.com/app/4513060/Yandere_Virus/?snr=1_7_7_comingsoon_150_84,18 August 2026 – 05:00:00 UTC,1273,18 August 2026 – 05:00:00 UTC,1273,18 August 2026 – 05:00:00 UTC,
3148400,Sky Scaffold,"18 Aug, 2026",https://store.steampowered.com/app/3148400/Sky_Scaffold/?snr=1_7_7_comingsoon_150_84,18 August 2026 – 07:00:00 UTC,9,18 August 2026 – 07:00:00 UTC,9,18 August 2026 – 07:00:00 UTC,9
2825860,The Sinking City 2,"18 Aug, 2026",https://store.steampowered.com/app/2825860/The_Sinking_City_2/?snr=1_7_7_comingsoon_150_84,18 August 2026 – 09:00:00 UTC,14044,18 August 2026 – 09:00:00 UTC,14044,18 August 2026 – 09:00:00 UTC,14044
4663080,Escape the Grind,"18 Aug, 2026",https://store.steampowered.com/app/4663080/Escape_the_Grind/?snr=1_7_7_comingsoon_150_84,18 August 2026 – 11:30:00 UTC,22,18 August 2026 – 11:30:00 UTC,22,18 August 2026 – 11:30:00 UTC,22
4417770,Gambit's Escape,"18 Aug, 2026",https://store.steampowered.com/app/4417770/Gambits_Escape/?snr=1_7_7_comingsoon_150_84,18 August 2026 – 13:00:00 UTC,9,18 August 2026 – 13:00:00 UTC,9,18 August 2026 – 13:00:00 UTC,9
3542330,Station Command,"18 Aug, 2026",https://store.steampowered.com/app/3542330/Station_Command/?snr=1_7_7_comingsoon_150_84,18 August 2026 – 14:00:00 UTC,94,18 August 2026 – 14:00:00 UTC,94,18 August 2026 – 14:00:00 UTC,94
3924150,ANARIA: Reborn,"18 Aug, 2026",https://store.steampowered.com/app/3924150/ANARIA_Reborn/?snr=1_7_7_comingsoon_150_84,18 August 2026 – 17:00:00 UTC,30,18 August 2026 – 17:00:00 UTC,30,18 August 2026 – 17:00:00 UTC,30
4280390,HeroInc,"18 Aug, 2026",https://store.steampowered.com/app/4280390/HeroInc/?snr=1_7_7_comingsoon_150_84,18 August 2026 – 17:00:00 UTC,51,18 August 2026 – 17:00:00 UTC,51,18 August 2026 – 17:00:00 UTC,51
4317790,Last Pirates: Die Together,"18 Aug, 2026",https://store.steampowered.com/app/4317790/Last_Pirates_Die_Together/?snr=1_7_7_comingsoon_150_84,18 August 2026 – 17:00:00 UTC,3576,18 August 2026 – 17:00:00 UTC,3576,18 August 2026 – 17:00:00 UTC,3576
3940340,Entropy,"18 Aug, 2026",https://store.steampowered.com/app/3940340/Entropy/?snr=1_7_7_comingsoon_150_84,18 August 2026 – 17:00:00 UTC,4756,18 August 2026 – 17:00:00 UTC,4756,18 August 2026 – 17:00:00 UTC,4756
4114860,SCP The Beginning,"18 Aug, 2026",https://store.steampowered.com/app/4114860/SCP_The_Beginning/?snr=1_7_7_comingsoon_150_84,18 August 2026 – 19:00:00 UTC,87,18 August 2026 – 19:00:00 UTC,87,18 August 2026 – 19:00:00 UTC,87
3492150,Ministry of Truth: False Memory,"19 Aug, 2026",https://store.steampowered.com/app/3492150/Ministry_of_Truth_False_Memory/?snr=1_7_7_comingsoon_150_85,19 August 2026 – 08:00:00 UTC,805,19 August 2026 – 08:00:00 UTC,805,19 August 2026 – 08:00:00 UTC,805
4532490,Plodding Recovery,"19 Aug, 2026",https://store.steampowered.com/app/4532490/Plodding_Recovery/?snr=1_7_7_comingsoon_150_85,19 August 2026 – 11:00:00 UTC,无,19 August 2026 – 11:00:00 UTC,无,19 August 2026 – 11:00:00 UTC,18
4453060,Linerunner,"19 Aug, 2026",https://store.steampowered.com/app/4453060/Linerunner/?snr=1_7_7_comingsoon_150_85,19 August 2026 – 11:00:00 UTC,15,19 August 2026 – 11:00:00 UTC,15,19 August 2026 – 11:00:00 UTC,15
4386980,Pro Soccer Manager 27,"19 Aug, 2026",https://store.steampowered.com/app/4386980/Pro_Soccer_Manager_27/?snr=1_7_7_comingsoon_150_85,19 August 2026 – 14:00:00 UTC,155,19 August 2026 – 14:00:00 UTC,155,19 August 2026 – 14:00:00 UTC,155
1572260,Wild Ice,"19 Aug, 2026",https://store.steampowered.com/app/1572260/Wild_Ice/?snr=1_7_7_comingsoon_150_85,19 August 2026 – 15:00:00 UTC,191,19 August 2026 – 15:00:00 UTC,191,19 August 2026 – 15:00:00 UTC,191
4012810,STEINS;GATE RE:BOOT,"19 Aug, 2026",https://store.steampowered.com/app/4012810/STEINSGATE_REBOOT/?snr=1_7_7_comingsoon_150_85,19 August 2026 – 15:00:00 UTC,8370,19 August 2026 – 15:00:00 UTC,8370,19 August 2026 – 15:00:00 UTC,8370
1490020,TIC-TAC: Twelve o'clock,"19 Aug, 2026",https://store.steampowered.com/app/1490020/TICTAC_Twelve_oclock/?snr=1_7_7_comingsoon_150_85,19 August 2026 – 16:00:00 UTC,789,19 August 2026 – 16:00:00 UTC,789,19 August 2026 – 16:00:00 UTC,789
3161350,COSETTE: THE UNTITLED GAME,"19 Aug, 2026",https://store.steampowered.com/app/3161350/COSETTE_THE_UNTITLED_GAME/?snr=1_7_7_comingsoon_150_85,19 August 2026 – 16:00:00 UTC,552,19 August 2026 – 16:00:00 UTC,552,19 August 2026 – 16:00:00 UTC,552
3421710,Arcade Shop Simulator,"19 Aug, 2026",https://store.steampowered.com/app/3421710/Arcade_Shop_Simulator/?snr=1_7_7_comingsoon_150_85,19 August 2026 – 16:18:00 UTC,135,19 August 2026 – 16:18:00 UTC,135,19 August 2026 – 16:18:00 UTC,135
4315040,Hearth and Hamlet,"19 Aug, 2026",https://store.steampowered.com/app/4315040/Hearth_and_Hamlet/?snr=1_7_7_comingsoon_150_85,19 August 2026 – 17:00:00 UTC,5394,19 August 2026 – 17:00:00 UTC,5394,19 August 2026 – 17:00:00 UTC,5394
3332080,GastroNomicon,"19 Aug, 2026",https://store.steampowered.com/app/3332080/GastroNomicon/?snr=1_7_7_comingsoon_150_85,19 August 2026 – 19:42:00 UTC,7,19 August 2026 – 19:42:00 UTC,7,19 August 2026 – 19:42:00 UTC,7
4573410,Apple Picker,"19 Aug, 2026",https://store.steampowered.com/app/4573410/Apple_Picker/?snr=1_7_7_comingsoon_150_85,19 August 2026 – 21:25:00 UTC,32,19 August 2026 – 21:25:00 UTC,32,19 August 2026 – 21:25:00 UTC,32
3883290,LABYRINTHOS: The Depths Want You,"19 Aug, 2026",https://store.steampowered.com/app/3883290/LABYRINTHOS_The_Depths_Want_You/?snr=1_7_7_comingsoon_150_85,20 August 2026 – 01:00:00 UTC,582,20 August 2026 – 01:00:00 UTC,582,20 August 2026 – 01:00:00 UTC,582
3958820,Drive Me Broke,"19 Aug, 2026",https://store.steampowered.com/app/3958820/Drive_Me_Broke/?snr=1_7_7_comingsoon_150_85,20 August 2026 – 01:41:00 UTC,647,20 August 2026 – 01:41:00 UTC,647,20 August 2026 – 01:41:00 UTC,647
2124360,HYPER PRIMATE,"19 Aug, 2026",https://store.steampowered.com/app/2124360/HYPER_PRIMATE/?snr=1_7_7_comingsoon_150_85,20 August 2026 – 03:00:00 UTC,496,20 August 2026 – 03:00:00 UTC,496,20 August 2026 – 03:00:00 UTC,496
4070390,Powers Downtown,"19 Aug, 2026",https://store.steampowered.com/app/4070390/Powers_Downtown/?snr=1_7_7_comingsoon_150_85,20 August 2026 – 04:01:00 UTC,7,20 August 2026 – 04:01:00 UTC,7,20 August 2026 – 04:01:00 UTC,7
2127340,DAWN ONE,"20 Aug, 2026",https://store.steampowered.com/app/2127340/DAWN_ONE/?snr=1_7_7_comingsoon_150_85,20 August 2026 – 07:00:00 UTC,313,20 August 2026 – 07:00:00 UTC,313,20 August 2026 – 07:00:00 UTC,313
3966510,Feed the Scorchpot,"20 Aug, 2026",https://store.steampowered.com/app/3966510/Feed_the_Scorchpot/?snr=1_7_7_comingsoon_150_85,20 August 2026 – 08:00:00 UTC,525,20 August 2026 – 08:00:00 UTC,525,20 August 2026 – 08:00:00 UTC,525
4699150,Astro beasts,"20 Aug, 2026",https://store.steampowered.com/app/4699150/Astro_beasts/?snr=1_7_7_comingsoon_150_85,20 August 2026 – 08:35:00 UTC,3,20 August 2026 – 08:35:00 UTC,3,20 August 2026 – 08:35:00 UTC,3
3467750,Fairysite,"20 Aug, 2026",https://store.steampowered.com/app/3467750/Fairysite/?snr=1_7_7_comingsoon_150_85,20 August 2026 – 08:44:00 UTC,13,20 August 2026 – 08:44:00 UTC,13,20 August 2026 – 08:44:00 UTC,13
4586750,Nova Fleet,"20 Aug, 2026",https://store.steampowered.com/app/4586750/Nova_Fleet/?snr=1_7_7_comingsoon_150_85,20 August 2026 – 09:33:00 UTC,3,20 August 2026 – 09:33:00 UTC,3,20 August 2026 – 09:33:00 UTC,3
4711360,Where Control Ends,"20 Aug, 2026",https://store.steampowered.com/app/4711360/Where_Control_Ends/?snr=1_7_7_comingsoon_150_85,20 August 2026 – 10:00:00 UTC,46,20 August 2026 – 10:00:00 UTC,46,20 August 2026 – 10:00:00 UTC,46
4449030,File Tower Defence,"20 Aug, 2026",https://store.steampowered.com/app/4449030/File_Tower_Defence/?snr=1_7_7_comingsoon_150_85,20 August 2026 – 10:00:00 UTC,12,20 August 2026 – 10:00:00 UTC,12,20 August 2026 – 10:00:00 UTC,12
4658000,The Derailed: Devour the Harvest Demo,"20 Aug, 2026",https://store.steampowered.com/app/4658000/The_Derailed_Devour_the_Harvest_Demo/?snr=1_7_7_comingsoon_150_85,20 August 2026 – 11:00:00 UTC,无,20 August 2026 – 11:00:00 UTC,无,20 August 2026 – 11:00:00 UTC,
3688650,False Alarm,"20 Aug, 2026",https://store.steampowered.com/app/3688650/False_Alarm/?snr=1_7_7_comingsoon_150_85,20 August 2026 – 12:00:00 UTC,197,20 August 2026 – 12:00:00 UTC,197,20 August 2026 – 12:00:00 UTC,197
2824880,SHRIMP GAME: OVERKRILL,"20 Aug, 2026",https://store.steampowered.com/app/2824880/SHRIMP_GAME_OVERKRILL/?snr=1_7_7_comingsoon_150_86,20 August 2026 – 12:00:00 UTC,1158,20 August 2026 – 12:00:00 UTC,1158,20 August 2026 – 12:00:00 UTC,1158
3537620,Friday Night,"20 Aug, 2026",https://store.steampowered.com/app/3537620/Friday_Night/?snr=1_7_7_comingsoon_150_86,20 August 2026 – 12:29:00 UTC,122,20 August 2026 – 12:29:00 UTC,122,20 August 2026 – 12:29:00 UTC,122
3594540,Orbital Checkpoint,"20 Aug, 2026",https://store.steampowered.com/app/3594540/Orbital_Checkpoint/?snr=1_7_7_comingsoon_150_86,20 August 2026 – 13:00:00 UTC,8,20 August 2026 – 13:00:00 UTC,8,20 August 2026 – 13:00:00 UTC,8
4278220,Runic Curse Remastered,"20 Aug, 2026",https://store.steampowered.com/app/4278220/Runic_Curse_Remastered/?snr=1_7_7_comingsoon_150_86,20 August 2026 – 13:30:00 UTC,65,20 August 2026 – 13:30:00 UTC,65,20 August 2026 – 13:30:00 UTC,65
1091870,Theropods,"20 Aug, 2026",https://store.steampowered.com/app/1091870/Theropods/?snr=1_7_7_comingsoon_150_86,20 August 2026 – 14:00:00 UTC,1733,20 August 2026 – 14:00:00 UTC,1733,20 August 2026 – 14:00:00 UTC,1733
3962460,THE CANON OF BALLS,"20 Aug, 2026",https://store.steampowered.com/app/3962460/THE_CANON_OF_BALLS/?snr=1_7_7_comingsoon_150_86,20 August 2026 – 14:00:00 UTC,215,20 August 2026 – 14:00:00 UTC,215,20 August 2026 – 14:00:00 UTC,215
4651290,Parasomnia Verum 2,"20 Aug, 2026",https://store.steampowered.com/app/4651290/Parasomnia_Verum_2/?snr=1_7_7_comingsoon_150_86,20 August 2026 – 14:00:00 UTC,60,20 August 2026 – 14:00:00 UTC,60,20 August 2026 – 14:00:00 UTC,60
4403510,Sensory Overload,"20 Aug, 2026",https://store.steampowered.com/app/4403510/Sensory_Overload/?snr=1_7_7_comingsoon_150_86,20 August 2026 – 14:00:00 UTC,2821,20 August 2026 – 14:00:00 UTC,2821,20 August 2026 – 14:00:00 UTC,2821
2967950,The Witch's Bakery,"20 Aug, 2026",https://store.steampowered.com/app/2967950/The_Witchs_Bakery/?snr=1_7_7_comingsoon_150_86,20 August 2026 – 14:00:00 UTC,8877,20 August 2026 – 14:00:00 UTC,8877,20 August 2026 – 14:00:00 UTC,8877
3764970,Mexican Ninja,"20 Aug, 2026",https://store.steampowered.com/app/3764970/Mexican_Ninja/?snr=1_7_7_comingsoon_150_86,20 August 2026 – 14:00:00 UTC,1976,20 August 2026 – 14:00:00 UTC,1976,20 August 2026 – 14:00:00 UTC,1976
3257780,Your Story: Games with Death,"20 Aug, 2026",https://store.steampowered.com/app/3257780/Your_Story_Games_with_Death/?snr=1_7_7_comingsoon_150_86,20 August 2026 – 15:00:00 UTC,233,20 August 2026 – 15:00:00 UTC,233,20 August 2026 – 15:00:00 UTC,233
4429930,Water You Doing?,"20 Aug, 2026",https://store.steampowered.com/app/4429930/Water_You_Doing/?snr=1_7_7_comingsoon_150_86,20 August 2026 – 15:00:00 UTC,254,20 August 2026 – 15:00:00 UTC,254,20 August 2026 – 15:00:00 UTC,254
2882310,Roomballs,"20 Aug, 2026",https://store.steampowered.com/app/2882310/Roomballs/?snr=1_7_7_comingsoon_150_86,20 August 2026 – 15:05:00 UTC,94,20 August 2026 – 15:05:00 UTC,94,20 August 2026 – 15:05:00 UTC,94
3193920,Fatal Train,"20 Aug, 2026",https://store.steampowered.com/app/3193920/Fatal_Train/?snr=1_7_7_comingsoon_150_86,20 August 2026 – 16:00:00 UTC,116,20 August 2026 – 16:00:00 UTC,116,20 August 2026 – 16:00:00 UTC,116
3617300,The Choices Of Priori,"20 Aug, 2026",https://store.steampowered.com/app/3617300/The_Choices_Of_Priori/?snr=1_7_7_comingsoon_150_86,20 August 2026 – 17:00:00 UTC,无,20 August 2026 – 17:00:00 UTC,无,20 August 2026 – 17:00:00 UTC,63
4379400,Roll n' Bounce,"20 Aug, 2026",https://store.steampowered.com/app/4379400/Roll_n_Bounce/?snr=1_7_7_comingsoon_150_86,20 August 2026 – 17:00:00 UTC,4,20 August 2026 – 17:00:00 UTC,4,20 August 2026 – 17:00:00 UTC,4
2708150,Four Lights,"20 Aug, 2026",https://store.steampowered.com/app/2708150/Four_Lights/?snr=1_7_7_comingsoon_150_86,20 August 2026 – 17:00:00 UTC,143,20 August 2026 – 17:00:00 UTC,143,20 August 2026 – 17:00:00 UTC,143
4414270,PawMart Tiny Market,"20 Aug, 2026",https://store.steampowered.com/app/4414270/PawMart_Tiny_Market/?snr=1_7_7_comingsoon_150_86,20 August 2026 – 17:00:00 UTC,197,20 August 2026 – 17:00:00 UTC,197,20 August 2026 – 17:00:00 UTC,197
2776270,Beetleball,"20 Aug, 2026",https://store.steampowered.com/app/2776270/Beetleball/?snr=1_7_7_comingsoon_150_86,20 August 2026 – 17:00:00 UTC,1531,20 August 2026 – 17:00:00 UTC,1531,20 August 2026 – 17:00:00 UTC,1531
4758300,네개의 빛 : 제 4세계 [Märchen Route],"20 Aug, 2026",https://store.steampowered.com/app/4758300/____4_Mrchen_Route/?snr=1_7_7_comingsoon_150_86,20 August 2026 – 17:00:00 UTC,无,20 August 2026 – 17:00:00 UTC,无,20 August 2026 – 17:00:00 UTC,
2454600,Ironsand,"20 Aug, 2026",https://store.steampowered.com/app/2454600/Ironsand/?snr=1_7_7_comingsoon_150_86,20 August 2026 – 17:00:00 UTC,1447,20 August 2026 – 17:00:00 UTC,1447,20 August 2026 – 17:00:00 UTC,1447
4000770,Swarmdustry,"20 Aug, 2026",https://store.steampowered.com/app/4000770/Swarmdustry/?snr=1_7_7_comingsoon_150_86,20 August 2026 – 17:10:00 UTC,1108,20 August 2026 – 17:10:00 UTC,1108,20 August 2026 – 17:10:00 UTC,1108
4893090,Helmet,"20 Aug, 2026",https://store.steampowered.com/app/4893090/Helmet/?snr=1_7_7_comingsoon_150_86,20 August 2026 – 17:30:00 UTC,无,20 August 2026 – 17:30:00 UTC,1,20 August 2026 – 17:30:00 UTC,1
3992420,Odd's Job,"20 Aug, 2026",https://store.steampowered.com/app/3992420/Odds_Job/?snr=1_7_7_comingsoon_150_86,20 August 2026 – 18:00:00 UTC,18,20 August 2026 – 18:00:00 UTC,18,20 August 2026 – 18:00:00 UTC,18
4747200,Fedorable Life,"20 Aug, 2026",https://store.steampowered.com/app/4747200/Fedorable_Life/?snr=1_7_7_comingsoon_150_86,20 August 2026 – 18:00:00 UTC,5,20 August 2026 – 18:00:00 UTC,5,20 August 2026 – 18:00:00 UTC,5
4566700,how to kill a fly [ H2KAF ],"20 Aug, 2026",https://store.steampowered.com/app/4566700/how_to_kill_a_fly__H2KAF/?snr=1_7_7_comingsoon_150_87,20 August 2026 – 19:00:00 UTC,232,20 August 2026 – 19:00:00 UTC,232,20 August 2026 – 19:00:00 UTC,232
3760470,Boy Escape from School,"20 Aug, 2026",https://store.steampowered.com/app/3760470/Boy_Escape_from_School/?snr=1_7_7_comingsoon_150_87,20 August 2026 – 20:04:00 UTC,56,20 August 2026 – 20:04:00 UTC,56,20 August 2026 – 20:04:00 UTC,56
4864090,Nether Meridian,"20 Aug, 2026",https://store.steampowered.com/app/4864090/Nether_Meridian/?snr=1_7_7_comingsoon_150_87,21 August 2026 – 04:47:00 UTC,3,21 August 2026 – 04:47:00 UTC,3,21 August 2026 – 04:47:00 UTC,3
4642140,VENERA 31,"20 Aug, 2026",https://store.steampowered.com/app/4642140/VENERA_31/?snr=1_7_7_comingsoon_150_87,21 August 2026 – 05:30:00 UTC,3,21 August 2026 – 05:30:00 UTC,3,21 August 2026 – 05:30:00 UTC,3
4040480,桂冠之人 Laureate,"20 Aug, 2026",https://store.steampowered.com/app/4040480/_Laureate/?snr=1_7_7_comingsoon_150_87,Coming soon,无,Coming soon,无,,
4859040,I CAN'T STOP WINNING!,"21 Aug, 2026",https://store.steampowered.com/app/4859040/I_CANT_STOP_WINNING/?snr=1_7_7_comingsoon_150_87,21 August 2026 – 07:00:00 UTC,2,21 August 2026 – 07:00:00 UTC,2,21 August 2026 – 07:00:00 UTC,2
4424470,Molluscarium,"21 Aug, 2026",https://store.steampowered.com/app/4424470/Molluscarium/?snr=1_7_7_comingsoon_150_87,21 August 2026 – 09:49:00 UTC,39,21 August 2026 – 09:49:00 UTC,39,21 August 2026 – 09:49:00 UTC,39
4343860,Sandwich Shop Simulator,"21 Aug, 2026",https://store.steampowered.com/app/4343860/Sandwich_Shop_Simulator/?snr=1_7_7_comingsoon_150_87,21 August 2026 – 11:35:00 UTC,94,21 August 2026 – 11:35:00 UTC,94,21 August 2026 – 11:35:00 UTC,94
2254990,Permafrost,"21 Aug, 2026",https://store.steampowered.com/app/2254990/Permafrost/?snr=1_7_7_comingsoon_150_87,21 August 2026 – 12:00:00 UTC,31349,21 August 2026 – 12:00:00 UTC,31349,21 August 2026 – 12:00:00 UTC,31349
3634710,DWARRF: A Pinball Roguelike,"21 Aug, 2026",https://store.steampowered.com/app/3634710/DWARRF_A_Pinball_Roguelike/?snr=1_7_7_comingsoon_150_87,21 August 2026 – 13:00:00 UTC,349,21 August 2026 – 13:00:00 UTC,349,21 August 2026 – 13:00:00 UTC,349
4642840,Spear of the Sky,"21 Aug, 2026",https://store.steampowered.com/app/4642840/Spear_of_the_Sky/?snr=1_7_7_comingsoon_150_87,21 August 2026 – 13:00:00 UTC,4,21 August 2026 – 13:00:00 UTC,4,21 August 2026 – 13:00:00 UTC,4
3946950,Click the Button,"21 Aug, 2026",https://store.steampowered.com/app/3946950/Click_the_Button/?snr=1_7_7_comingsoon_150_87,21 August 2026 – 13:00:00 UTC,150,21 August 2026 – 13:00:00 UTC,150,21 August 2026 – 13:00:00 UTC,150
3925730,Furry Roommates,"21 Aug, 2026",https://store.steampowered.com/app/3925730/Furry_Roommates/?snr=1_7_7_comingsoon_150_87,21 August 2026 – 14:21:00 UTC,无,21 August 2026 – 14:21:00 UTC,无,21 August 2026 – 14:21:00 UTC,119
4109210,Blood in the Panopticon,"21 Aug, 2026",https://store.steampowered.com/app/4109210/Blood_in_the_Panopticon/?snr=1_7_7_comingsoon_150_87,21 August 2026 – 15:00:00 UTC,80,21 August 2026 – 15:00:00 UTC,80,21 August 2026 – 15:00:00 UTC,80
4651490,Loot Gobblin' Together,"21 Aug, 2026",https://store.steampowered.com/app/4651490/Loot_Gobblin_Together/?snr=1_7_7_comingsoon_150_87,21 August 2026 – 15:00:00 UTC,81,21 August 2026 – 15:00:00 UTC,81,21 August 2026 – 15:00:00 UTC,81
4359910,Card Maker Simulator,"21 Aug, 2026",https://store.steampowered.com/app/4359910/Card_Maker_Simulator/?snr=1_7_7_comingsoon_150_87,21 August 2026 – 16:00:00 UTC,8,21 August 2026 – 16:00:00 UTC,8,21 August 2026 – 16:00:00 UTC,8
4800650,7 Millimeters,"21 Aug, 2026",https://store.steampowered.com/app/4800650/7_Millimeters/?snr=1_7_7_comingsoon_150_87,21 August 2026 – 16:07:00 UTC,24,21 August 2026 – 16:07:00 UTC,24,21 August 2026 – 16:07:00 UTC,24
4664310,Underking,"21 Aug, 2026",https://store.steampowered.com/app/4664310/Underking/?snr=1_7_7_comingsoon_150_87,21 August 2026 – 16:30:00 UTC,17,21 August 2026 – 16:30:00 UTC,17,21 August 2026 – 16:30:00 UTC,17
4833180,Simple Airline Sim,"21 Aug, 2026",https://store.steampowered.com/app/4833180/Simple_Airline_Sim/?snr=1_7_7_comingsoon_150_87,21 August 2026 – 16:50:00 UTC,6,21 August 2026 – 16:50:00 UTC,6,21 August 2026 – 16:50:00 UTC,6
3140710,Trellis,"21 Aug, 2026",https://store.steampowered.com/app/3140710/Trellis/?snr=1_7_7_comingsoon_150_87,21 August 2026 – 17:00:00 UTC,44,21 August 2026 – 17:00:00 UTC,44,21 August 2026 – 17:00:00 UTC,44
3635510,Alien Apocalypse,"21 Aug, 2026",https://store.steampowered.com/app/3635510/Alien_Apocalypse/?snr=1_7_7_comingsoon_150_87,21 August 2026 – 17:00:00 UTC,1049,21 August 2026 – 17:00:00 UTC,1049,21 August 2026 – 17:00:00 UTC,1049
4229150,Negative Time,"21 Aug, 2026",https://store.steampowered.com/app/4229150/Negative_Time/?snr=1_7_7_comingsoon_150_87,21 August 2026 – 17:00:00 UTC,无,21 August 2026 – 17:00:00 UTC,20,21 August 2026 – 17:00:00 UTC,20
4120790,The Sorting Bureau,"21 Aug, 2026",https://store.steampowered.com/app/4120790/The_Sorting_Bureau/?snr=1_7_7_comingsoon_150_87,21 August 2026 – 17:15:00 UTC,262,21 August 2026 – 17:15:00 UTC,262,21 August 2026 – 17:15:00 UTC,262
4836860,Beguiled Egress,"21 Aug, 2026",https://store.steampowered.com/app/4836860/Beguiled_Egress/?snr=1_7_7_comingsoon_150_87,21 August 2026 – 18:00:00 UTC,1,21 August 2026 – 18:00:00 UTC,1,21 August 2026 – 18:00:00 UTC,1
4643930,Serve Or Die,"21 Aug, 2026",https://store.steampowered.com/app/4643930/Serve_Or_Die/?snr=1_7_7_comingsoon_150_87,21 August 2026 – 18:00:00 UTC,79,21 August 2026 – 18:00:00 UTC,79,21 August 2026 – 18:00:00 UTC,79
3002120,Hand of God,"21 Aug, 2026",https://store.steampowered.com/app/3002120/Hand_of_God/?snr=1_7_7_comingsoon_150_88,21 August 2026 – 19:00:00 UTC,2,21 August 2026 – 19:00:00 UTC,2,21 August 2026 – 19:00:00 UTC,2
4373870,Unpossess 2: Exorcism Simulator,"21 Aug, 2026",https://store.steampowered.com/app/4373870/Unpossess_2_Exorcism_Simulator/?snr=1_7_7_comingsoon_150_88,21 August 2026 – 20:00:00 UTC,171,21 August 2026 – 20:00:00 UTC,171,21 August 2026 – 20:00:00 UTC,171
4178200,V.A.U.L.T. PROTOCOL,"21 Aug, 2026",https://store.steampowered.com/app/4178200/VAULT_PROTOCOL/?snr=1_7_7_comingsoon_150_88,21 August 2026 – 20:15:00 UTC,174,21 August 2026 – 20:15:00 UTC,174,21 August 2026 – 20:15:00 UTC,174
4574820,Rejected Draft,"21 Aug, 2026",https://store.steampowered.com/app/4574820/Rejected_Draft/?snr=1_7_7_comingsoon_150_88,22 August 2026 – 04:00:00 UTC,187,22 August 2026 – 04:00:00 UTC,187,22 August 2026 – 04:00:00 UTC,187
3998900,Claws Of Power,"21 Aug, 2026",https://store.steampowered.com/app/3998900/Claws_Of_Power/?snr=1_7_7_comingsoon_150_88,22 August 2026 – 04:24:00 UTC,80,22 August 2026 – 04:24:00 UTC,80,22 August 2026 – 04:24:00 UTC,80
4474850,DreamNet,"23 Aug, 2026",https://store.steampowered.com/app/4474850/DreamNet/?snr=1_7_7_comingsoon_150_88,24 August 2026 – 01:40:00 UTC,24,24 August 2026 – 01:40:00 UTC,24,24 August 2026 – 01:40:00 UTC,24
3196850,Travellin Cats in USA,"23 Aug, 2026",https://store.steampowered.com/app/3196850/Travellin_Cats_in_USA/?snr=1_7_7_comingsoon_150_88,24 August 2026 – 05:59:00 UTC,103,24 August 2026 – 05:59:00 UTC,103,24 August 2026 – 05:59:00 UTC,103
3885850,Tour - Chess Puzzles,"23 Aug, 2026",https://store.steampowered.com/app/3885850/Tour__Chess_Puzzles/?snr=1_7_7_comingsoon_150_88,24 August 2026 – 06:00:00 UTC,3,24 August 2026 – 06:00:00 UTC,3,24 August 2026 – 06:00:00 UTC,3
4866520,Finish The Dishes!,"23 Aug, 2026",https://store.steampowered.com/app/4866520/Finish_The_Dishes/?snr=1_7_7_comingsoon_150_88,24 August 2026 – 06:00:00 UTC,2,24 August 2026 – 06:00:00 UTC,2,24 August 2026 – 06:00:00 UTC,2
4079270,Bililitz,"24 Aug, 2026",https://store.steampowered.com/app/4079270/Bililitz/?snr=1_7_7_comingsoon_150_88,24 August 2026 – 07:10:00 UTC,27,24 August 2026 – 07:10:00 UTC,27,24 August 2026 – 07:10:00 UTC,27
3681780,WinMon,"24 Aug, 2026",https://store.steampowered.com/app/3681780/WinMon/?snr=1_7_7_comingsoon_150_88,24 August 2026 – 09:11:00 UTC,2818,24 August 2026 – 09:11:00 UTC,2818,24 August 2026 – 09:11:00 UTC,2818
3978240,Wordless Forest,"24 Aug, 2026",https://store.steampowered.com/app/3978240/Wordless_Forest/?snr=1_7_7_comingsoon_150_88,24 August 2026 – 10:00:00 UTC,303,24 August 2026 – 10:00:00 UTC,303,24 August 2026 – 10:00:00 UTC,303
4858820,Mythic Battle,"24 Aug, 2026",https://store.steampowered.com/app/4858820/Mythic_Battle/?snr=1_7_7_comingsoon_150_88,24 August 2026 – 14:00:00 UTC,1,24 August 2026 – 14:00:00 UTC,1,24 August 2026 – 14:00:00 UTC,1
3605140,Exit Ways,"24 Aug, 2026",https://store.steampowered.com/app/3605140/Exit_Ways/?snr=1_7_7_comingsoon_150_88,24 August 2026 – 14:45:00 UTC,313,24 August 2026 – 14:45:00 UTC,313,24 August 2026 – 14:45:00 UTC,313
3919340,Eco Volunteer,"24 Aug, 2026",https://store.steampowered.com/app/3919340/Eco_Volunteer/?snr=1_7_7_comingsoon_150_88,24 August 2026 – 15:00:00 UTC,223,24 August 2026 – 15:00:00 UTC,223,24 August 2026 – 15:00:00 UTC,223
4101290,Overtrick,"24 Aug, 2026",https://store.steampowered.com/app/4101290/Overtrick/?snr=1_7_7_comingsoon_150_88,24 August 2026 – 15:34:00 UTC,94,24 August 2026 – 15:34:00 UTC,94,24 August 2026 – 15:34:00 UTC,94
1843400,The Last Disease Z,"24 Aug, 2026",https://store.steampowered.com/app/1843400/The_Last_Disease_Z/?snr=1_7_7_comingsoon_150_88,24 August 2026 – 16:00:00 UTC,132,24 August 2026 – 16:00:00 UTC,132,24 August 2026 – 16:00:00 UTC,132
4263170,Union Of Rivals,"24 Aug, 2026",https://store.steampowered.com/app/4263170/Union_Of_Rivals/?snr=1_7_7_comingsoon_150_88,24 August 2026 – 16:00:00 UTC,504,24 August 2026 – 16:00:00 UTC,504,24 August 2026 – 16:00:00 UTC,504
4637420,Oil Island Hustle,"24 Aug, 2026",https://store.steampowered.com/app/4637420/Oil_Island_Hustle/?snr=1_7_7_comingsoon_150_88,24 August 2026 – 17:00:00 UTC,17,24 August 2026 – 17:00:00 UTC,17,24 August 2026 – 17:00:00 UTC,17
3491690,lovebyte.exe,"24 Aug, 2026",https://store.steampowered.com/app/3491690/lovebyteexe/?snr=1_7_7_comingsoon_150_88,24 August 2026 – 17:00:00 UTC,1282,24 August 2026 – 17:00:00 UTC,1282,24 August 2026 – 17:00:00 UTC,1282
4560660,Eslabong,"24 Aug, 2026",https://store.steampowered.com/app/4560660/Eslabong/?snr=1_7_7_comingsoon_150_88,24 August 2026 – 17:00:00 UTC,218,24 August 2026 – 17:00:00 UTC,218,24 August 2026 – 17:00:00 UTC,218
4596010,Bar After Bar,"24 Aug, 2026",https://store.steampowered.com/app/4596010/Bar_After_Bar/?snr=1_7_7_comingsoon_150_88,24 August 2026 – 17:00:00 UTC,234,24 August 2026 – 17:00:00 UTC,234,24 August 2026 – 17:00:00 UTC,234
2022170,Ghost of Kyiv,"24 Aug, 2026",https://store.steampowered.com/app/2022170/Ghost_of_Kyiv/?snr=1_7_7_comingsoon_150_88,24 August 2026 – 19:00:00 UTC,2,24 August 2026 – 19:00:00 UTC,2,24 August 2026 – 19:00:00 UTC,2
3576560,The Shadow Cosmos,"24 Aug, 2026",https://store.steampowered.com/app/3576560/The_Shadow_Cosmos/?snr=1_7_7_comingsoon_150_88,24 August 2026 – 19:00:00 UTC,42,24 August 2026 – 19:00:00 UTC,42,24 August 2026 – 19:00:00 UTC,42
4597000,Dwarven Rails,"24 Aug, 2026",https://store.steampowered.com/app/4597000/Dwarven_Rails/?snr=1_7_7_comingsoon_150_88,24 August 2026 – 19:00:00 UTC,9,24 August 2026 – 19:00:00 UTC,9,24 August 2026 – 19:00:00 UTC,9
640840,Gohan Quest,"24 Aug, 2026",https://store.steampowered.com/app/640840/Gohan_Quest/?snr=1_7_7_comingsoon_150_89,24 August 2026 – 20:01:00 UTC,118,24 August 2026 – 20:01:00 UTC,118,24 August 2026 – 20:01:00 UTC,118
3629860,America Against Ants,"24 Aug, 2026",https://store.steampowered.com/app/3629860/America_Against_Ants/?snr=1_7_7_comingsoon_150_89,24 August 2026 – 21:59:00 UTC,61,24 August 2026 – 21:59:00 UTC,61,24 August 2026 – 21:59:00 UTC,61
3956980,Apidya' Special,"24 Aug, 2026",https://store.steampowered.com/app/3956980/Apidya_Special/?snr=1_7_7_comingsoon_150_89,24 August 2026 – 22:00:00 UTC,341,24 August 2026 – 22:00:00 UTC,341,24 August 2026 – 22:00:00 UTC,341
4638120,All Vans on Deck,"24 Aug, 2026",https://store.steampowered.com/app/4638120/All_Vans_on_Deck/?snr=1_7_7_comingsoon_150_89,25 August 2026 – 03:30:00 UTC,7,25 August 2026 – 03:30:00 UTC,7,25 August 2026 – 03:30:00 UTC,7
4611110,Beyond The Abandoned,"24 Aug, 2026",https://store.steampowered.com/app/4611110/Beyond_The_Abandoned/?snr=1_7_7_comingsoon_150_89,25 August 2026 – 04:01:00 UTC,2,25 August 2026 – 04:01:00 UTC,2,25 August 2026 – 04:01:00 UTC,2
3685410,Thalia,"25 Aug, 2026",https://store.steampowered.com/app/3685410/Thalia/?snr=1_7_7_comingsoon_150_89,25 August 2026 – 07:11:00 UTC,49,25 August 2026 – 07:11:00 UTC,49,25 August 2026 – 07:11:00 UTC,49
4568830,ASTRAL COURT DX,"25 Aug, 2026",https://store.steampowered.com/app/4568830/ASTRAL_COURT_DX/?snr=1_7_7_comingsoon_150_89,25 August 2026 – 12:30:00 UTC,24,25 August 2026 – 12:30:00 UTC,24,25 August 2026 – 12:30:00 UTC,24
2358630,Western Rye,"25 Aug, 2026",https://store.steampowered.com/app/2358630/Western_Rye/?snr=1_7_7_comingsoon_150_89,Coming soon,2397,Coming soon,2397,,
3396920,Settler's Domain,"25 Aug, 2026",https://store.steampowered.com/app/3396920/Settlers_Domain/?snr=1_7_7_comingsoon_150_89,25 August 2026 – 14:00:00 UTC,1587,25 August 2026 – 14:00:00 UTC,1587,25 August 2026 – 14:00:00 UTC,1587
4681980,Discremental,"25 Aug, 2026",https://store.steampowered.com/app/4681980/Discremental/?snr=1_7_7_comingsoon_150_89,25 August 2026 – 14:00:00 UTC,16,25 August 2026 – 14:00:00 UTC,16,25 August 2026 – 14:00:00 UTC,16
2172970,Lorne,"25 Aug, 2026",https://store.steampowered.com/app/2172970/Lorne/?snr=1_7_7_comingsoon_150_89,25 August 2026 – 15:00:00 UTC,483,25 August 2026 – 15:00:00 UTC,483,25 August 2026 – 15:00:00 UTC,483
4499760,Descendants of the Dragon,"25 Aug, 2026",https://store.steampowered.com/app/4499760/Descendants_of_the_Dragon/?snr=1_7_7_comingsoon_150_89,25 August 2026 – 15:51:00 UTC,1,25 August 2026 – 15:51:00 UTC,1,25 August 2026 – 15:51:00 UTC,1
4554330,Escape from Vlogger: Runaway,"25 Aug, 2026",https://store.steampowered.com/app/4554330/Escape_from_Vlogger_Runaway/?snr=1_7_7_comingsoon_150_89,25 August 2026 – 16:20:00 UTC,529,25 August 2026 – 16:20:00 UTC,529,25 August 2026 – 16:20:00 UTC,529
4711680,Gathera,"25 Aug, 2026",https://store.steampowered.com/app/4711680/Gathera/?snr=1_7_7_comingsoon_150_89,25 August 2026 – 16:28:00 UTC,219,25 August 2026 – 16:28:00 UTC,219,25 August 2026 – 16:28:00 UTC,219
4411170,Rapid Escalation,"25 Aug, 2026",https://store.steampowered.com/app/4411170/Rapid_Escalation/?snr=1_7_7_comingsoon_150_89,25 August 2026 – 17:00:00 UTC,11,25 August 2026 – 17:00:00 UTC,11,25 August 2026 – 17:00:00 UTC,11
4366830,SVETIK,"25 Aug, 2026",https://store.steampowered.com/app/4366830/SVETIK/?snr=1_7_7_comingsoon_150_89,25 August 2026 – 17:00:00 UTC,38,25 August 2026 – 17:00:00 UTC,38,25 August 2026 – 17:00:00 UTC,38
4823420,Leon&amp;Suharto,"25 Aug, 2026",https://store.steampowered.com/app/4823420/LeonSuharto/?snr=1_7_7_comingsoon_150_89,25 August 2026 – 17:00:00 UTC,无,25 August 2026 – 17:00:00 UTC,无,25 August 2026 – 17:00:00 UTC,9
4518030,Chronicles Puzzle: History Path,"25 Aug, 2026",https://store.steampowered.com/app/4518030/Chronicles_Puzzle_History_Path/?snr=1_7_7_comingsoon_150_89,25 August 2026 – 17:00:00 UTC,6,25 August 2026 – 17:00:00 UTC,6,25 August 2026 – 17:00:00 UTC,6
4720360,VERLIES III - Resurrection,"25 Aug, 2026",https://store.steampowered.com/app/4720360/VERLIES_III__Resurrection/?snr=1_7_7_comingsoon_150_89,25 August 2026 – 17:00:00 UTC,17,25 August 2026 – 17:00:00 UTC,17,25 August 2026 – 17:00:00 UTC,17
4860400,"Please, Tell Me Why?","25 Aug, 2026",https://store.steampowered.com/app/4860400/Please_Tell_Me_Why/?snr=1_7_7_comingsoon_150_89,25 August 2026 – 17:00:00 UTC,3,25 August 2026 – 17:00:00 UTC,3,25 August 2026 – 17:00:00 UTC,3
4596220,Monke Survivor,"25 Aug, 2026",https://store.steampowered.com/app/4596220/Monke_Survivor/?snr=1_7_7_comingsoon_150_89,25 August 2026 – 17:00:00 UTC,17,25 August 2026 – 17:00:00 UTC,17,25 August 2026 – 17:00:00 UTC,17
4577440,Runisthar,"25 Aug, 2026",https://store.steampowered.com/app/4577440/Runisthar/?snr=1_7_7_comingsoon_150_89,25 August 2026 – 17:00:00 UTC,6,25 August 2026 – 17:00:00 UTC,6,25 August 2026 – 17:00:00 UTC,6
4307400,Gold Coast Gambits: Boca Raton &amp; Palm Beach,"25 Aug, 2026",https://store.steampowered.com/app/4307400/Gold_Coast_Gambits_Boca_Raton__Palm_Beach/?snr=1_7_7_comingsoon_150_89,25 August 2026 – 17:00:00 UTC,9,25 August 2026 – 17:00:00 UTC,9,25 August 2026 – 17:00:00 UTC,9
3558770,Harpoon Arena,"25 Aug, 2026",https://store.steampowered.com/app/3558770/Harpoon_Arena/?snr=1_7_7_comingsoon_150_89,25 August 2026 – 19:43:00 UTC,42,25 August 2026 – 19:43:00 UTC,42,25 August 2026 – 19:43:00 UTC,42
3531920,UNDER ROOMS,"25 Aug, 2026",https://store.steampowered.com/app/3531920/UNDER_ROOMS/?snr=1_7_7_comingsoon_150_89,25 August 2026 – 23:00:00 UTC,25,25 August 2026 – 23:00:00 UTC,25,25 August 2026 – 23:00:00 UTC,25
4269720,Die Severed,"25 Aug, 2026",https://store.steampowered.com/app/4269720/Die_Severed/?snr=1_7_7_comingsoon_150_90,25 August 2026 – 23:00:00 UTC,22,25 August 2026 – 23:00:00 UTC,22,25 August 2026 – 23:00:00 UTC,22
4073860,Sludgineers,"25 Aug, 2026",https://store.steampowered.com/app/4073860/Sludgineers/?snr=1_7_7_comingsoon_150_90,26 August 2026 – 00:00:00 UTC,946,26 August 2026 – 00:00:00 UTC,946,26 August 2026 – 00:00:00 UTC,946
4195110,Ultrapool,"26 Aug, 2026",https://store.steampowered.com/app/4195110/Ultrapool/?snr=1_7_7_comingsoon_150_90,26 August 2026 – 11:13:00 UTC,853,26 August 2026 – 11:13:00 UTC,853,26 August 2026 – 11:13:00 UTC,853
2729830,Pumpkin Woods,"26 Aug, 2026",https://store.steampowered.com/app/2729830/Pumpkin_Woods/?snr=1_7_7_comingsoon_150_90,26 August 2026 – 14:01:00 UTC,533,26 August 2026 – 14:01:00 UTC,533,26 August 2026 – 14:01:00 UTC,533
4687440,Project President,"26 Aug, 2026",https://store.steampowered.com/app/4687440/Project_President/?snr=1_7_7_comingsoon_150_90,26 August 2026 – 15:00:00 UTC,2,26 August 2026 – 15:00:00 UTC,2,26 August 2026 – 15:00:00 UTC,2
3211430,BRIGANDINE ABYSS,"26 Aug, 2026",https://store.steampowered.com/app/3211430/BRIGANDINE_ABYSS/?snr=1_7_7_comingsoon_150_90,26 August 2026 – 15:00:00 UTC,3781,26 August 2026 – 15:00:00 UTC,3781,26 August 2026 – 15:00:00 UTC,3781
2275300,Folk Emerging,"26 Aug, 2026",https://store.steampowered.com/app/2275300/Folk_Emerging/?snr=1_7_7_comingsoon_150_90,26 August 2026 – 16:00:00 UTC,1348,26 August 2026 – 16:00:00 UTC,1348,26 August 2026 – 16:00:00 UTC,1348
3948760,Find My Frogs: Branches,"26 Aug, 2026",https://store.steampowered.com/app/3948760/Find_My_Frogs_Branches/?snr=1_7_7_comingsoon_150_90,26 August 2026 – 17:00:00 UTC,118,26 August 2026 – 17:00:00 UTC,118,26 August 2026 – 17:00:00 UTC,118
4637870,Smashing Bottles,"26 Aug, 2026",https://store.steampowered.com/app/4637870/Smashing_Bottles/?snr=1_7_7_comingsoon_150_90,26 August 2026 – 17:00:00 UTC,45,26 August 2026 – 17:00:00 UTC,45,26 August 2026 – 17:00:00 UTC,45
4605240,Make my Sandwich,"26 Aug, 2026",https://store.steampowered.com/app/4605240/Make_my_Sandwich/?snr=1_7_7_comingsoon_150_90,26 August 2026 – 17:05:00 UTC,50,26 August 2026 – 17:05:00 UTC,50,26 August 2026 – 17:05:00 UTC,50
4588140,Model Debut4,"26 Aug, 2026",https://store.steampowered.com/app/4588140/Model_Debut4/?snr=1_7_7_comingsoon_150_90,27 August 2026 – 01:00:00 UTC,49,27 August 2026 – 01:00:00 UTC,49,27 August 2026 – 01:00:00 UTC,49
4650950,COCORO,"26 Aug, 2026",https://store.steampowered.com/app/4650950/COCORO/?snr=1_7_7_comingsoon_150_90,27 August 2026 – 01:00:00 UTC,315,27 August 2026 – 01:00:00 UTC,315,27 August 2026 – 01:00:00 UTC,315
4522480,Slime Slayer: Endless Loot,"26 Aug, 2026",https://store.steampowered.com/app/4522480/Slime_Slayer_Endless_Loot/?snr=1_7_7_comingsoon_150_90,27 August 2026 – 02:00:00 UTC,1158,27 August 2026 – 02:00:00 UTC,1158,27 August 2026 – 02:00:00 UTC,1158
2657140,Animal Falling,"27 Aug, 2026",https://store.steampowered.com/app/2657140/Animal_Falling/?snr=1_7_7_comingsoon_150_90,27 August 2026 – 07:00:00 UTC,90,27 August 2026 – 07:00:00 UTC,90,27 August 2026 – 07:00:00 UTC,90
4668110,Time To Waste,"27 Aug, 2026",https://store.steampowered.com/app/4668110/Time_To_Waste/?snr=1_7_7_comingsoon_150_90,27 August 2026 – 07:23:00 UTC,41,27 August 2026 – 07:23:00 UTC,41,27 August 2026 – 07:23:00 UTC,41
3158820,Kalanoro,"27 Aug, 2026",https://store.steampowered.com/app/3158820/Kalanoro/?snr=1_7_7_comingsoon_150_90,27 August 2026 – 08:00:00 UTC,552,27 August 2026 – 08:00:00 UTC,552,27 August 2026 – 08:00:00 UTC,552
4246780,Question Roulette,"27 Aug, 2026",https://store.steampowered.com/app/4246780/Question_Roulette/?snr=1_7_7_comingsoon_150_90,27 August 2026 – 09:00:00 UTC,8,27 August 2026 – 09:00:00 UTC,8,27 August 2026 – 09:00:00 UTC,8
3454470,9mm Roulette 💀,"27 Aug, 2026",https://store.steampowered.com/app/3454470/9mm_Roulette/?snr=1_7_7_comingsoon_150_90,27 August 2026 – 11:45:00 UTC,21,27 August 2026 – 11:45:00 UTC,21,27 August 2026 – 11:45:00 UTC,21
4588930,The Old Flesh of Nuraga,"27 Aug, 2026",https://store.steampowered.com/app/4588930/The_Old_Flesh_of_Nuraga/?snr=1_7_7_comingsoon_150_90,27 August 2026 – 12:00:00 UTC,136,27 August 2026 – 12:00:00 UTC,136,27 August 2026 – 12:00:00 UTC,136
4184350,METAL GEAR SOLID PEACE WALKER（MASTER COLLECTION版）,"27 Aug, 2026",https://store.steampowered.com/app/4184350/METAL_GEAR_SOLID_PEACE_WALKERMASTER_COLLECTION/?snr=1_7_7_comingsoon_150_90,27 August 2026 – 13:00:00 UTC,无,27 August 2026 – 13:00:00 UTC,无,27 August 2026 – 13:00:00 UTC,
4184390,METAL GEAR SOLID 4 GUNS OF THE PATRIOTS（MASTER COLLECTION版）,"27 Aug, 2026",https://store.steampowered.com/app/4184390/METAL_GEAR_SOLID_4_GUNS_OF_THE_PATRIOTSMASTER_COLLECTION/?snr=1_7_7_comingsoon_150_90,27 August 2026 – 13:00:00 UTC,无,27 August 2026 – 13:00:00 UTC,无,27 August 2026 – 13:00:00 UTC,
4184420,METAL GEAR SOLID: MASTER COLLECTION Vol.2 BONUS CONTENT,"27 Aug, 2026",https://store.steampowered.com/app/4184420/METAL_GEAR_SOLID_MASTER_COLLECTION_Vol2_BONUS_CONTENT/?snr=1_7_7_comingsoon_150_90,27 August 2026 – 13:00:00 UTC,无,27 August 2026 – 13:00:00 UTC,无,27 August 2026 – 13:00:00 UTC,
3987230,Mining and Dwarves,"27 Aug, 2026",https://store.steampowered.com/app/3987230/Mining_and_Dwarves/?snr=1_7_7_comingsoon_150_90,27 August 2026 – 13:00:00 UTC,137,27 August 2026 – 13:00:00 UTC,137,27 August 2026 – 13:00:00 UTC,137
3859630,METAL GEAR SOLID: MASTER COLLECTION Vol.2,"27 Aug, 2026",https://store.steampowered.com/app/3859630/METAL_GEAR_SOLID_MASTER_COLLECTION_Vol2/?snr=1_7_7_comingsoon_150_90,27 August 2026 – 13:00:00 UTC,11612,27 August 2026 – 13:00:00 UTC,11612,27 August 2026 – 13:00:00 UTC,11612
3579350,AstroScaper,"27 Aug, 2026",https://store.steampowered.com/app/3579350/AstroScaper/?snr=1_7_7_comingsoon_150_90,27 August 2026 – 14:30:00 UTC,134,27 August 2026 – 14:30:00 UTC,134,27 August 2026 – 14:30:00 UTC,134
4537550,Thoughtless,"27 Aug, 2026",https://store.steampowered.com/app/4537550/Thoughtless/?snr=1_7_7_comingsoon_150_91,27 August 2026 – 15:00:00 UTC,8,27 August 2026 – 15:00:00 UTC,8,27 August 2026 – 15:00:00 UTC,8
4603540,Who Haunts The Haunters?,"27 Aug, 2026",https://store.steampowered.com/app/4603540/Who_Haunts_The_Haunters/?snr=1_7_7_comingsoon_150_91,27 August 2026 – 15:00:00 UTC,9,27 August 2026 – 15:00:00 UTC,9,27 August 2026 – 15:00:00 UTC,9
3120460,Night Club Simulator: Party King,"27 Aug, 2026",https://store.steampowered.com/app/3120460/Night_Club_Simulator_Party_King/?snr=1_7_7_comingsoon_150_91,27 August 2026 – 15:00:00 UTC,936,27 August 2026 – 15:00:00 UTC,936,27 August 2026 – 15:00:00 UTC,936
2075800,STAR WARS Zero Company™,"27 Aug, 2026",https://store.steampowered.com/app/2075800/STAR_WARS_Zero_Company/?snr=1_7_7_comingsoon_150_91,27 August 2026 – 15:00:00 UTC,44718,27 August 2026 – 15:00:00 UTC,44718,27 August 2026 – 15:00:00 UTC,44718
4261030,Orb Breaker,"27 Aug, 2026",https://store.steampowered.com/app/4261030/Orb_Breaker/?snr=1_7_7_comingsoon_150_91,27 August 2026 – 15:59:00 UTC,98,27 August 2026 – 15:59:00 UTC,98,27 August 2026 – 15:59:00 UTC,98
4601160,Just Keep Fishing,"27 Aug, 2026",https://store.steampowered.com/app/4601160/Just_Keep_Fishing/?snr=1_7_7_comingsoon_150_91,27 August 2026 – 15:59:00 UTC,72,27 August 2026 – 15:59:00 UTC,72,27 August 2026 – 15:59:00 UTC,72
965190,Night Rolls Cozy Store,"27 Aug, 2026",https://store.steampowered.com/app/965190/Night_Rolls_Cozy_Store/?snr=1_7_7_comingsoon_150_91,27 August 2026 – 16:00:00 UTC,62,27 August 2026 – 16:00:00 UTC,62,27 August 2026 – 16:00:00 UTC,62
4344270,Tiny Misery,"27 Aug, 2026",https://store.steampowered.com/app/4344270/Tiny_Misery/?snr=1_7_7_comingsoon_150_91,27 August 2026 – 16:00:00 UTC,98,27 August 2026 – 16:00:00 UTC,98,27 August 2026 – 16:00:00 UTC,98
2864290,Aggelos 2,"27 Aug, 2026",https://store.steampowered.com/app/2864290/Aggelos_2/?snr=1_7_7_comingsoon_150_91,27 August 2026 – 16:00:00 UTC,496,27 August 2026 – 16:00:00 UTC,496,27 August 2026 – 16:00:00 UTC,496
2713000,Resonance: A Plague Tale Legacy,"27 Aug, 2026",https://store.steampowered.com/app/2713000/Resonance_A_Plague_Tale_Legacy/?snr=1_7_7_comingsoon_150_91,27 August 2026 – 16:00:00 UTC,17790,27 August 2026 – 16:00:00 UTC,17790,27 August 2026 – 16:00:00 UTC,17790
2054520,Gawr Gura: Quest for Bread,"27 Aug, 2026",https://store.steampowered.com/app/2054520/Gawr_Gura_Quest_for_Bread/?snr=1_7_7_comingsoon_150_91,27 August 2026 – 16:00:00 UTC,1244,27 August 2026 – 16:00:00 UTC,1244,27 August 2026 – 16:00:00 UTC,1244
2100020,Lou's Lagoon,"27 Aug, 2026",https://store.steampowered.com/app/2100020/Lous_Lagoon/?snr=1_7_7_comingsoon_150_91,27 August 2026 – 16:00:00 UTC,7936,27 August 2026 – 16:00:00 UTC,7936,27 August 2026 – 16:00:00 UTC,7936
4147170,Late Order,"27 Aug, 2026",https://store.steampowered.com/app/4147170/Late_Order/?snr=1_7_7_comingsoon_150_91,27 August 2026 – 17:00:00 UTC,70,27 August 2026 – 17:00:00 UTC,70,27 August 2026 – 17:00:00 UTC,70
4644100,The Blood Mage 2 by Daniel da Silva,"27 Aug, 2026",https://store.steampowered.com/app/4644100/The_Blood_Mage_2_by_Daniel_da_Silva/?snr=1_7_7_comingsoon_150_91,27 August 2026 – 17:00:00 UTC,9,27 August 2026 – 17:00:00 UTC,9,27 August 2026 – 17:00:00 UTC,9
4727660,WHERE TO?,"27 Aug, 2026",https://store.steampowered.com/app/4727660/WHERE_TO/?snr=1_7_7_comingsoon_150_91,27 August 2026 – 17:00:00 UTC,9,27 August 2026 – 17:00:00 UTC,9,27 August 2026 – 17:00:00 UTC,9
4543080,CHOMP CHOMP Carnage,"27 Aug, 2026",https://store.steampowered.com/app/4543080/CHOMP_CHOMP_Carnage/?snr=1_7_7_comingsoon_150_91,27 August 2026 – 18:33:00 UTC,13,27 August 2026 – 18:33:00 UTC,13,27 August 2026 – 18:33:00 UTC,13
4623520,Bloodbath,"27 Aug, 2026",https://store.steampowered.com/app/4623520/Bloodbath/?snr=1_7_7_comingsoon_150_91,27 August 2026 – 19:00:00 UTC,无,27 August 2026 – 19:00:00 UTC,无,27 August 2026 – 19:00:00 UTC,4
4423590,U TSU TSU TSU,"27 Aug, 2026",https://store.steampowered.com/app/4423590/U_TSU_TSU_TSU/?snr=1_7_7_comingsoon_150_91,27 August 2026 – 19:00:00 UTC,28,27 August 2026 – 19:00:00 UTC,28,27 August 2026 – 19:00:00 UTC,28
1356660,Starlit World,"27 Aug, 2026",https://store.steampowered.com/app/1356660/Starlit_World/?snr=1_7_7_comingsoon_150_91,27 August 2026 – 21:00:00 UTC,32,27 August 2026 – 21:00:00 UTC,32,27 August 2026 – 21:00:00 UTC,32
4638280,Peter the Stash Hunter,"27 Aug, 2026",https://store.steampowered.com/app/4638280/Peter_the_Stash_Hunter/?snr=1_7_7_comingsoon_150_91,27 August 2026 – 21:51:00 UTC,25,27 August 2026 – 21:51:00 UTC,25,27 August 2026 – 21:51:00 UTC,25
4457970,FENRIR,"27 Aug, 2026",https://store.steampowered.com/app/4457970/FENRIR/?snr=1_7_7_comingsoon_150_91,27 August 2026 – 22:00:00 UTC,47,27 August 2026 – 22:00:00 UTC,47,27 August 2026 – 22:00:00 UTC,47
2172910,CAPTAIN TSUBASA 2: WORLD FIGHTERS,"27 Aug, 2026",https://store.steampowered.com/app/2172910/CAPTAIN_TSUBASA_2_WORLD_FIGHTERS/?snr=1_7_7_comingsoon_150_91,27 August 2026 – 22:00:00 UTC,2303,27 August 2026 – 22:00:00 UTC,2303,27 August 2026 – 22:00:00 UTC,2303
3692300,Chronicles of Childhood,"27 Aug, 2026",https://store.steampowered.com/app/3692300/Chronicles_of_Childhood/?snr=1_7_7_comingsoon_150_91,28 August 2026 – 00:51:00 UTC,7,28 August 2026 – 00:51:00 UTC,7,28 August 2026 – 00:51:00 UTC,7
4818330,白之树：月泪少女,"27 Aug, 2026",https://store.steampowered.com/app/4818330/_/?snr=1_7_7_comingsoon_150_91,28 August 2026 – 02:30:00 UTC,无,28 August 2026 – 02:30:00 UTC,无,28 August 2026 – 02:30:00 UTC,6
2992580,Ventreville: A Cure for Sorrow,"27 Aug, 2026",https://store.steampowered.com/app/2992580/Ventreville_A_Cure_for_Sorrow/?snr=1_7_7_comingsoon_150_91,28 August 2026 – 04:00:00 UTC,无,28 August 2026 – 04:00:00 UTC,无,28 August 2026 – 04:00:00 UTC,206
4184880,PESKY ORCS!,"27 Aug, 2026",https://store.steampowered.com/app/4184880/PESKY_ORCS/?snr=1_7_7_comingsoon_150_92,28 August 2026 – 04:00:00 UTC,24,28 August 2026 – 04:00:00 UTC,24,28 August 2026 – 04:00:00 UTC,24
4695230,Lunar Eclipse ~ Vol. 0,"27 Aug, 2026",https://store.steampowered.com/app/4695230/Lunar_Eclipse__Vol_0/?snr=1_7_7_comingsoon_150_92,28 August 2026 – 04:00:00 UTC,19,28 August 2026 – 04:00:00 UTC,19,28 August 2026 – 04:00:00 UTC,19
4266780,Slimestoppers,"27 Aug, 2026",https://store.steampowered.com/app/4266780/Slimestoppers/?snr=1_7_7_comingsoon_150_92,28 August 2026 – 05:00:00 UTC,7,28 August 2026 – 05:00:00 UTC,7,28 August 2026 – 05:00:00 UTC,7
4190760,The Fish Corner,"27 Aug, 2026",https://store.steampowered.com/app/4190760/The_Fish_Corner/?snr=1_7_7_comingsoon_150_92,28 August 2026 – 06:00:00 UTC,210,28 August 2026 – 06:00:00 UTC,210,28 August 2026 – 06:00:00 UTC,210
4492570,"Lights out, run","28 Aug, 2026",https://store.steampowered.com/app/4492570/Lights_out_run/?snr=1_7_7_comingsoon_150_92,28 August 2026 – 07:00:00 UTC,13,28 August 2026 – 07:00:00 UTC,13,28 August 2026 – 07:00:00 UTC,13
4529120,Alice's Gaze,"28 Aug, 2026",https://store.steampowered.com/app/4529120/Alices_Gaze/?snr=1_7_7_comingsoon_150_92,28 August 2026 – 07:00:00 UTC,165,28 August 2026 – 07:00:00 UTC,165,28 August 2026 – 07:00:00 UTC,165
3310870,DICTOCRACY,"28 Aug, 2026",https://store.steampowered.com/app/3310870/DICTOCRACY/?snr=1_7_7_comingsoon_150_92,28 August 2026 – 08:01:00 UTC,344,28 August 2026 – 08:01:00 UTC,344,28 August 2026 – 08:01:00 UTC,344
4511440,Cypherpunk,"28 Aug, 2026",https://store.steampowered.com/app/4511440/Cypherpunk/?snr=1_7_7_comingsoon_150_92,28 August 2026 – 08:11:00 UTC,无,28 August 2026 – 08:11:00 UTC,无,28 August 2026 – 08:11:00 UTC,3
4573700,1116,"28 Aug, 2026",https://store.steampowered.com/app/4573700/1116/?snr=1_7_7_comingsoon_150_92,28 August 2026 – 09:16:00 UTC,无,28 August 2026 – 09:16:00 UTC,无,28 August 2026 – 09:16:00 UTC,1
3354950,RE:AKTOR,"28 Aug, 2026",https://store.steampowered.com/app/3354950/REAKTOR/?snr=1_7_7_comingsoon_150_92,28 August 2026 – 11:00:00 UTC,58,28 August 2026 – 11:00:00 UTC,58,28 August 2026 – 11:00:00 UTC,58
1530850,A Little Age,"28 Aug, 2026",https://store.steampowered.com/app/1530850/A_Little_Age/?snr=1_7_7_comingsoon_150_92,28 August 2026 – 11:00:00 UTC,581,28 August 2026 – 11:00:00 UTC,581,28 August 2026 – 11:00:00 UTC,581
4293860,Busted - Deal or Die,"28 Aug, 2026",https://store.steampowered.com/app/4293860/Busted__Deal_or_Die/?snr=1_7_7_comingsoon_150_92,28 August 2026 – 11:00:00 UTC,10,28 August 2026 – 11:00:00 UTC,10,28 August 2026 – 11:00:00 UTC,10
4610080,Bering Tonnage,"28 Aug, 2026",https://store.steampowered.com/app/4610080/Bering_Tonnage/?snr=1_7_7_comingsoon_150_92,28 August 2026 – 11:00:00 UTC,163,28 August 2026 – 11:00:00 UTC,163,28 August 2026 – 11:00:00 UTC,163
4436030,The Phone from Another World: My First Love Soundtrack,"28 Aug, 2026",https://store.steampowered.com/app/4436030/The_Phone_from_Another_World_My_First_Love_Soundtrack/?snr=1_7_7_comingsoon_150_92,28 August 2026 – 11:43:00 UTC,无,28 August 2026 – 11:43:00 UTC,无,28 August 2026 – 11:43:00 UTC,
4737110,风之国世界,"28 Aug, 2026",https://store.steampowered.com/app/4737110/_/?snr=1_7_7_comingsoon_150_92,28 August 2026 – 13:00:00 UTC,5,28 August 2026 – 13:00:00 UTC,5,28 August 2026 – 13:00:00 UTC,5
4109160,Teaching Simulator: Elite Class,"28 Aug, 2026",https://store.steampowered.com/app/4109160/Teaching_Simulator_Elite_Class/?snr=1_7_7_comingsoon_150_92,28 August 2026 – 14:00:00 UTC,2,28 August 2026 – 14:00:00 UTC,2,28 August 2026 – 14:00:00 UTC,2
4152550,Eggstreme Farming,"28 Aug, 2026",https://store.steampowered.com/app/4152550/Eggstreme_Farming/?snr=1_7_7_comingsoon_150_92,28 August 2026 – 14:00:00 UTC,302,28 August 2026 – 14:00:00 UTC,302,28 August 2026 – 14:00:00 UTC,302
3560110,Fracture Point,"28 Aug, 2026",https://store.steampowered.com/app/3560110/Fracture_Point/?snr=1_7_7_comingsoon_150_92,28 August 2026 – 14:00:00 UTC,667,28 August 2026 – 14:00:00 UTC,667,28 August 2026 – 14:00:00 UTC,667
3647190,Malignant Survivors 2,"28 Aug, 2026",https://store.steampowered.com/app/3647190/Malignant_Survivors_2/?snr=1_7_7_comingsoon_150_92,28 August 2026 – 14:08:00 UTC,150,28 August 2026 – 14:08:00 UTC,150,28 August 2026 – 14:08:00 UTC,150
4209780,Undying One,"28 Aug, 2026",https://store.steampowered.com/app/4209780/Undying_One/?snr=1_7_7_comingsoon_150_92,28 August 2026 – 14:22:00 UTC,8,28 August 2026 – 14:22:00 UTC,8,28 August 2026 – 14:22:00 UTC,8
4210260,Project: Station,"28 Aug, 2026",https://store.steampowered.com/app/4210260/Project_Station/?snr=1_7_7_comingsoon_150_92,28 August 2026 – 15:00:00 UTC,42,28 August 2026 – 15:00:00 UTC,42,28 August 2026 – 15:00:00 UTC,42
4335560,The Carcass Soundtrack,"28 Aug, 2026",https://store.steampowered.com/app/4335560/The_Carcass_Soundtrack/?snr=1_7_7_comingsoon_150_92,28 August 2026 – 15:58:00 UTC,无,28 August 2026 – 15:58:00 UTC,无,28 August 2026 – 15:58:00 UTC,
4526210,OverX,"28 Aug, 2026",https://store.steampowered.com/app/4526210/OverX/?snr=1_7_7_comingsoon_150_92,28 August 2026 – 16:00:00 UTC,10,28 August 2026 – 16:00:00 UTC,10,28 August 2026 – 16:00:00 UTC,10
4674920,The Server,"28 Aug, 2026",https://store.steampowered.com/app/4674920/The_Server/?snr=1_7_7_comingsoon_150_92,28 August 2026 – 16:00:00 UTC,17,28 August 2026 – 16:00:00 UTC,17,28 August 2026 – 16:00:00 UTC,17
4540010,Business Defence,"28 Aug, 2026",https://store.steampowered.com/app/4540010/Business_Defence/?snr=1_7_7_comingsoon_150_92,28 August 2026 – 16:00:00 UTC,2,28 August 2026 – 16:00:00 UTC,2,28 August 2026 – 16:00:00 UTC,2
3674790,Russian Survivors,"28 Aug, 2026",https://store.steampowered.com/app/3674790/Russian_Survivors/?snr=1_7_7_comingsoon_150_93,28 August 2026 – 17:00:00 UTC,1657,28 August 2026 – 17:00:00 UTC,1657,28 August 2026 – 17:00:00 UTC,1657
4838360,Construction Company,"28 Aug, 2026",https://store.steampowered.com/app/4838360/Construction_Company/?snr=1_7_7_comingsoon_150_93,28 August 2026 – 17:00:00 UTC,47,28 August 2026 – 17:00:00 UTC,47,28 August 2026 – 17:00:00 UTC,47
4627590,Too Many Balls,"28 Aug, 2026",https://store.steampowered.com/app/4627590/Too_Many_Balls/?snr=1_7_7_comingsoon_150_93,28 August 2026 – 17:00:00 UTC,31,28 August 2026 – 17:00:00 UTC,31,28 August 2026 – 17:00:00 UTC,31
3640990,Clash of Melodies,"28 Aug, 2026",https://store.steampowered.com/app/3640990/Clash_of_Melodies/?snr=1_7_7_comingsoon_150_93,28 August 2026 – 18:10:00 UTC,66,28 August 2026 – 18:10:00 UTC,66,28 August 2026 – 18:10:00 UTC,66
4260160,Reconquista,"28 Aug, 2026",https://store.steampowered.com/app/4260160/Reconquista/?snr=1_7_7_comingsoon_150_93,28 August 2026 – 18:31:00 UTC,74,28 August 2026 – 18:31:00 UTC,74,28 August 2026 – 18:31:00 UTC,74
4657680,Ghost Truck: Death Arena,"28 Aug, 2026",https://store.steampowered.com/app/4657680/Ghost_Truck_Death_Arena/?snr=1_7_7_comingsoon_150_93,28 August 2026 – 19:27:00 UTC,11,28 August 2026 – 19:27:00 UTC,11,28 August 2026 – 19:27:00 UTC,11
4274210,Medieval Decklords,"28 Aug, 2026",https://store.steampowered.com/app/4274210/Medieval_Decklords/?snr=1_7_7_comingsoon_150_93,28 August 2026 – 19:42:00 UTC,24,28 August 2026 – 19:42:00 UTC,24,28 August 2026 – 19:42:00 UTC,24
4653210,The Mask of Agnosia,"28 Aug, 2026",https://store.steampowered.com/app/4653210/The_Mask_of_Agnosia/?snr=1_7_7_comingsoon_150_93,28 August 2026 – 19:50:00 UTC,3,28 August 2026 – 19:50:00 UTC,3,28 August 2026 – 19:50:00 UTC,3
4309460,Streets of Miami VR,"28 Aug, 2026",https://store.steampowered.com/app/4309460/Streets_of_Miami_VR/?snr=1_7_7_comingsoon_150_93,28 August 2026 – 20:15:00 UTC,33,28 August 2026 – 20:15:00 UTC,33,28 August 2026 – 20:15:00 UTC,33
4577980,The Last of RAM,"28 Aug, 2026",https://store.steampowered.com/app/4577980/The_Last_of_RAM/?snr=1_7_7_comingsoon_150_93,28 August 2026 – 20:42:00 UTC,34,28 August 2026 – 20:42:00 UTC,34,28 August 2026 – 20:42:00 UTC,34
3239000,Rock Beats Rock,"28 Aug, 2026",https://store.steampowered.com/app/3239000/Rock_Beats_Rock/?snr=1_7_7_comingsoon_150_93,28 August 2026 – 21:00:00 UTC,6,28 August 2026 – 21:00:00 UTC,6,28 August 2026 – 21:00:00 UTC,6
4896860,Pley Okey,"28 Aug, 2026",https://store.steampowered.com/app/4896860/Pley_Okey/?snr=1_7_7_comingsoon_150_93,28 August 2026 – 21:07:00 UTC,3,28 August 2026 – 21:07:00 UTC,3,28 August 2026 – 21:07:00 UTC,3
3867280,Heartfall,"28 Aug, 2026",https://store.steampowered.com/app/3867280/Heartfall/?snr=1_7_7_comingsoon_150_93,29 August 2026 – 04:06:00 UTC,5,29 August 2026 – 04:06:00 UTC,5,29 August 2026 – 04:06:00 UTC,5
4428630,My Fire Is Bigger Than Yours,"30 Aug, 2026",https://store.steampowered.com/app/4428630/My_Fire_Is_Bigger_Than_Yours/?snr=1_7_7_comingsoon_150_93,30 August 2026 – 22:35:00 UTC,234,30 August 2026 – 22:35:00 UTC,234,30 August 2026 – 22:35:00 UTC,234
3158070,Deadline Savior,"30 Aug, 2026",https://store.steampowered.com/app/3158070/Deadline_Savior/?snr=1_7_7_comingsoon_150_93,31 August 2026 – 02:00:00 UTC,434,31 August 2026 – 02:00:00 UTC,434,31 August 2026 – 02:00:00 UTC,434
1012870,Backpack Inspector,August 2026,https://store.steampowered.com/app/1012870/Backpack_Inspector/?snr=1_7_7_comingsoon_150_93,August 2026,39,August 2026,39,,
2248620,The Economy Bros,August 2026,https://store.steampowered.com/app/2248620/The_Economy_Bros/?snr=1_7_7_comingsoon_150_93,August 2026,68,August 2026,68,,
2343580,Ghoul Fright,August 2026,https://store.steampowered.com/app/2343580/Ghoul_Fright/?snr=1_7_7_comingsoon_150_93,August 2026,53,August 2026,53,,
1384210,Gooober Acres,August 2026,https://store.steampowered.com/app/1384210/Gooober_Acres/?snr=1_7_7_comingsoon_150_93,August 2026,2,August 2026,2,,
1294620,CrocApoca!! Crocodile maiden at the End of the World,August 2026,https://store.steampowered.com/app/1294620/CrocApoca_Crocodile_maiden_at_the_End_of_the_World/?snr=1_7_7_comingsoon_150_93,August 2026,3519,August 2026,3519,,
1766240,Mazey Village,August 2026,https://store.steampowered.com/app/1766240/Mazey_Village/?snr=1_7_7_comingsoon_150_93,August 2026,528,August 2026,528,,
1933520,Hero Mania,August 2026,https://store.steampowered.com/app/1933520/Hero_Mania/?snr=1_7_7_comingsoon_150_93,August 2026,45,August 2026,45,,
2276300,Age of Sail,August 2026,https://store.steampowered.com/app/2276300/Age_of_Sail/?snr=1_7_7_comingsoon_150_93,August 2026,5,August 2026,5,,
3148090,Safe House,August 2026,https://store.steampowered.com/app/3148090/Safe_House/?snr=1_7_7_comingsoon_150_93,August 2026,43,August 2026,43,,
2682270,Pight,August 2026,https://store.steampowered.com/app/2682270/Pight/?snr=1_7_7_comingsoon_150_93,August 2026,234,August 2026,234,,
2846460,Unknown Operations : The Habitus,August 2026,https://store.steampowered.com/app/2846460/Unknown_Operations__The_Habitus/?snr=1_7_7_comingsoon_150_94,August 2026,266,August 2026,266,,
3462650,Creepshow,August 2026,https://store.steampowered.com/app/3462650/Creepshow/?snr=1_7_7_comingsoon_150_94,August 2026,222,August 2026,222,,
2766910,PengPong,August 2026,https://store.steampowered.com/app/2766910/PengPong/?snr=1_7_7_comingsoon_150_94,August 2026,1303,August 2026,1303,,
3071860,WARAG,August 2026,https://store.steampowered.com/app/3071860/WARAG/?snr=1_7_7_comingsoon_150_94,August 2026,222,August 2026,222,,
3084370,Ricochet Abyss,August 2026,https://store.steampowered.com/app/3084370/Ricochet_Abyss/?snr=1_7_7_comingsoon_150_94,August 2026,543,August 2026,543,,
3126500,States of Power,August 2026,https://store.steampowered.com/app/3126500/States_of_Power/?snr=1_7_7_comingsoon_150_94,August 2026,1415,August 2026,1415,,
2908160,Inseco,August 2026,https://store.steampowered.com/app/2908160/Inseco/?snr=1_7_7_comingsoon_150_94,August 2026,63,August 2026,63,,
3069080,Plungeez,August 2026,https://store.steampowered.com/app/3069080/Plungeez/?snr=1_7_7_comingsoon_150_94,August 2026,80,August 2026,80,,
3077650,Parasited Will,August 2026,https://store.steampowered.com/app/3077650/Parasited_Will/?snr=1_7_7_comingsoon_150_94,August 2026,90,August 2026,90,,
3732030,Palianytsia,August 2026,https://store.steampowered.com/app/3732030/Palianytsia/?snr=1_7_7_comingsoon_150_94,August 2026,41,August 2026,41,,
2434930,Blue Ridge Hunting,August 2026,https://store.steampowered.com/app/2434930/Blue_Ridge_Hunting/?snr=1_7_7_comingsoon_150_94,August 2026,712,August 2026,712,,
1617120,Good Heavens!,August 2026,https://store.steampowered.com/app/1617120/Good_Heavens/?snr=1_7_7_comingsoon_150_94,August 2026,1731,August 2026,1731,,
3709880,Maddy's Meadow,August 2026,https://store.steampowered.com/app/3709880/Maddys_Meadow/?snr=1_7_7_comingsoon_150_94,August 2026,8,August 2026,8,,
3558410,Swifty,August 2026,https://store.steampowered.com/app/3558410/Swifty/?snr=1_7_7_comingsoon_150_94,August 2026,14,August 2026,14,,
3388390,Underside: The Lift,August 2026,https://store.steampowered.com/app/3388390/Underside_The_Lift/?snr=1_7_7_comingsoon_150_94,August 2026,55,August 2026,55,,
3750970,Sherlock Fox: Twisted Stories,August 2026,https://store.steampowered.com/app/3750970/Sherlock_Fox_Twisted_Stories/?snr=1_7_7_comingsoon_150_94,August 2026,7,August 2026,7,,
3752780,Nested,August 2026,https://store.steampowered.com/app/3752780/Nested/?snr=1_7_7_comingsoon_150_94,August 2026,48,August 2026,48,,
3752890,深渊放置者,August 2026,https://store.steampowered.com/app/3752890/_/?snr=1_7_7_comingsoon_150_94,August 2026,12,August 2026,12,,
3778610,Colorbound,August 2026,https://store.steampowered.com/app/3778610/Colorbound/?snr=1_7_7_comingsoon_150_94,August 2026,851,August 2026,851,,
2699570,Ooga,August 2026,https://store.steampowered.com/app/2699570/Ooga/?snr=1_7_7_comingsoon_150_94,August 2026,78,August 2026,78,,
3300050,System Breakdown,August 2026,https://store.steampowered.com/app/3300050/System_Breakdown/?snr=1_7_7_comingsoon_150_94,August 2026,160,August 2026,160,,
3432200,Top Check: A Chess Card Game,August 2026,https://store.steampowered.com/app/3432200/Top_Check_A_Chess_Card_Game/?snr=1_7_7_comingsoon_150_94,August 2026,32,August 2026,32,,
2902780,Ghost Villa,August 2026,https://store.steampowered.com/app/2902780/Ghost_Villa/?snr=1_7_7_comingsoon_150_95,24 August 2026 – 21:14:00 UTC,159,24 August 2026 – 21:14:00 UTC,159,24 August 2026 – 21:14:00 UTC,159
3692030,Star-Coat,August 2026,https://store.steampowered.com/app/3692030/StarCoat/?snr=1_7_7_comingsoon_150_95,August 2026,36,August 2026,36,,
4287460,PooLooP,August 2026,https://store.steampowered.com/app/4287460/PooLooP/?snr=1_7_7_comingsoon_150_95,August 2026,无,August 2026,无,,
4289870,Contract Cleaner,August 2026,https://store.steampowered.com/app/4289870/Contract_Cleaner/?snr=1_7_7_comingsoon_150_95,August 2026,59,August 2026,59,,
4309660,Giant Enemy Robot Crabs,August 2026,https://store.steampowered.com/app/4309660/Giant_Enemy_Robot_Crabs/?snr=1_7_7_comingsoon_150_95,August 2026,4,August 2026,4,,
4338190,Reborn,August 2026,https://store.steampowered.com/app/4338190/Reborn/?snr=1_7_7_comingsoon_150_95,August 2026,8,August 2026,8,,
3972410,Black Cat Book Club,August 2026,https://store.steampowered.com/app/3972410/Black_Cat_Book_Club/?snr=1_7_7_comingsoon_150_95,August 2026,262,August 2026,262,,
3912670,Rune Rhythm Realm,August 2026,https://store.steampowered.com/app/3912670/Rune_Rhythm_Realm/?snr=1_7_7_comingsoon_150_95,August 2026,7,August 2026,7,,
3912720,CyberSushi,August 2026,https://store.steampowered.com/app/3912720/CyberSushi/?snr=1_7_7_comingsoon_150_95,August 2026,13,August 2026,13,,
3865000,Neko Diary🐾 猫愿日记,August 2026,https://store.steampowered.com/app/3865000/Neko_Diary/?snr=1_7_7_comingsoon_150_95,August 2026,171,August 2026,171,,
3908240,Guildream,August 2026,https://store.steampowered.com/app/3908240/Guildream/?snr=1_7_7_comingsoon_150_95,August 2026,8,August 2026,8,,
4033680,Escape: Immersion,August 2026,https://store.steampowered.com/app/4033680/Escape_Immersion/?snr=1_7_7_comingsoon_150_95,August 2026,3281,August 2026,3281,,
4160340,MISCHIEF MANDARIN,August 2026,https://store.steampowered.com/app/4160340/MISCHIEF_MANDARIN/?snr=1_7_7_comingsoon_150_95,August 2026,4,August 2026,4,,
3994990,Oradea,August 2026,https://store.steampowered.com/app/3994990/Oradea/?snr=1_7_7_comingsoon_150_95,August 2026,7,August 2026,7,,
3997510,Shroomveil,August 2026,https://store.steampowered.com/app/3997510/Shroomveil/?snr=1_7_7_comingsoon_150_95,August 2026,31,August 2026,31,,
4164650,SNAKEPIT [USA],August 2026,https://store.steampowered.com/app/4164650/SNAKEPIT_USA/?snr=1_7_7_comingsoon_150_95,August 2026,6,August 2026,6,,
4431090,Company is watching,August 2026,https://store.steampowered.com/app/4431090/Company_is_watching/?snr=1_7_7_comingsoon_150_95,August 2026,79,August 2026,79,,
4436040,The Phone from Another World: My First Love- Morning Call,August 2026,https://store.steampowered.com/app/4436040/The_Phone_from_Another_World_My_First_Love_Morning_Call/?snr=1_7_7_comingsoon_150_95,August 2026,无,August 2026,无,,
4436070,The Phone from Another World: My First Love- Chibi Stickers,August 2026,https://store.steampowered.com/app/4436070/The_Phone_from_Another_World_My_First_Love_Chibi_Stickers/?snr=1_7_7_comingsoon_150_95,August 2026,无,August 2026,无,,
4438690,A Standard Deviation,August 2026,https://store.steampowered.com/app/4438690/A_Standard_Deviation/?snr=1_7_7_comingsoon_150_95,August 2026,10,August 2026,10,,
4264440,Dragon Guardians,August 2026,https://store.steampowered.com/app/4264440/Dragon_Guardians/?snr=1_7_7_comingsoon_150_96,August 2026,103,August 2026,103,,
4505350,Pogopa,August 2026,https://store.steampowered.com/app/4505350/Pogopa/?snr=1_7_7_comingsoon_150_96,August 2026,24,August 2026,24,,
4507690,Blind Touch VR,August 2026,https://store.steampowered.com/app/4507690/Blind_Touch_VR/?snr=1_7_7_comingsoon_150_96,August 2026,82,August 2026,82,,
4513360,Zorbo,August 2026,https://store.steampowered.com/app/4513360/Zorbo/?snr=1_7_7_comingsoon_150_96,August 2026,12,August 2026,12,,
4495630,The Slopstar 2: Slop Wars,August 2026,https://store.steampowered.com/app/4495630/The_Slopstar_2_Slop_Wars/?snr=1_7_7_comingsoon_150_96,August 2026,无,August 2026,无,,
4518950,Quod Erat Demonstrandum,August 2026,https://store.steampowered.com/app/4518950/Quod_Erat_Demonstrandum/?snr=1_7_7_comingsoon_150_96,August 2026,22,August 2026,22,,
4521300,Space Fishing: Verti-Go!,August 2026,https://store.steampowered.com/app/4521300/Space_Fishing_VertiGo/?snr=1_7_7_comingsoon_150_96,August 2026,5,August 2026,5,,
3809310,Fly High Runners,August 2026,https://store.steampowered.com/app/3809310/Fly_High_Runners/?snr=1_7_7_comingsoon_150_96,August 2026,26,August 2026,26,,
3826420,Spirited Line,August 2026,https://store.steampowered.com/app/3826420/Spirited_Line/?snr=1_7_7_comingsoon_150_96,August 2026,288,August 2026,288,,
4122580,Card Storm Idle HD,August 2026,https://store.steampowered.com/app/4122580/Card_Storm_Idle_HD/?snr=1_7_7_comingsoon_150_96,August 2026,14,August 2026,14,,
4131750,Honor Mice,August 2026,https://store.steampowered.com/app/4131750/Honor_Mice/?snr=1_7_7_comingsoon_150_96,August 2026,16,August 2026,16,,
3829280,The Merchant's Eden,August 2026,https://store.steampowered.com/app/3829280/The_Merchants_Eden/?snr=1_7_7_comingsoon_150_96,August 2026,126,August 2026,126,,
3835520,Chess 2048,August 2026,https://store.steampowered.com/app/3835520/Chess_2048/?snr=1_7_7_comingsoon_150_96,August 2026,16,August 2026,16,,
3840200,Increvaders,August 2026,https://store.steampowered.com/app/3840200/Increvaders/?snr=1_7_7_comingsoon_150_96,August 2026,16,August 2026,16,,
4088480,ChimpUP!,August 2026,https://store.steampowered.com/app/4088480/ChimpUP/?snr=1_7_7_comingsoon_150_96,August 2026,47,August 2026,47,,
4067580,Nitrokill,August 2026,https://store.steampowered.com/app/4067580/Nitrokill/?snr=1_7_7_comingsoon_150_96,August 2026,27,August 2026,27,,
3981880,Infinite Game Cartridge Collection - One Box,August 2026,https://store.steampowered.com/app/3981880/Infinite_Game_Cartridge_Collection__One_Box/?snr=1_7_7_comingsoon_150_96,August 2026,无,August 2026,无,,
3878380,Lugal: Bronze Age Survival Game,August 2026,https://store.steampowered.com/app/3878380/Lugal_Bronze_Age_Survival_Game/?snr=1_7_7_comingsoon_150_96,August 2026,306,August 2026,306,,
4882890,Command Doctrine,August 2026,https://store.steampowered.com/app/4882890/Command_Doctrine/?snr=1_7_7_comingsoon_150_97,August 2026,1,August 2026,1,,
3891450,Cube Party,August 2026,https://store.steampowered.com/app/3891450/Cube_Party/?snr=1_7_7_comingsoon_150_97,August 2026,22,August 2026,22,,
3899880,Super Money Ring,August 2026,https://store.steampowered.com/app/3899880/Super_Money_Ring/?snr=1_7_7_comingsoon_150_97,August 2026,38,August 2026,38,,
3920070,Rebirdh,August 2026,https://store.steampowered.com/app/3920070/Rebirdh/?snr=1_7_7_comingsoon_150_97,August 2026,25,August 2026,25,,
4072730,BEATSHIFT ARENA,August 2026,https://store.steampowered.com/app/4072730/BEATSHIFT_ARENA/?snr=1_7_7_comingsoon_150_97,August 2026,12,August 2026,12,,
4075900,Flyra: FPV Drone Simulator,August 2026,https://store.steampowered.com/app/4075900/Flyra_FPV_Drone_Simulator/?snr=1_7_7_comingsoon_150_97,August 2026,72,August 2026,72,,
4707980,Project: RAZ.LOG,August 2026,https://store.steampowered.com/app/4707980/Project_RAZLOG/?snr=1_7_7_comingsoon_150_97,August 2026,5,August 2026,5,,
4781760,BONA VS. Vocabulary,August 2026,https://store.steampowered.com/app/4781760/BONA_VS_Vocabulary/?snr=1_7_7_comingsoon_150_97,August 2026,无,August 2026,无,,
4762320,Reel Room,August 2026,https://store.steampowered.com/app/4762320/Reel_Room/?snr=1_7_7_comingsoon_150_97,August 2026,9,August 2026,9,,
4765140,Faryloopa Demo,August 2026,https://store.steampowered.com/app/4765140/Faryloopa_Demo/?snr=1_7_7_comingsoon_150_97,August 2026,无,August 2026,无,,
4369220,Flappy Together,August 2026,https://store.steampowered.com/app/4369220/Flappy_Together/?snr=1_7_7_comingsoon_150_97,August 2026,1,August 2026,1,,
4688940,Choice of Life: Floors Soundtrack,August 2026,https://store.steampowered.com/app/4688940/Choice_of_Life_Floors_Soundtrack/?snr=1_7_7_comingsoon_150_97,August 2026,无,August 2026,无,,
4781380,No Exit : Anomaly,August 2026,https://store.steampowered.com/app/4781380/No_Exit__Anomaly/?snr=1_7_7_comingsoon_150_97,August 2026,8,August 2026,8,,
4696740,Body Kounts,August 2026,https://store.steampowered.com/app/4696740/Body_Kounts/?snr=1_7_7_comingsoon_150_97,August 2026,4,August 2026,4,,
4713630,Pight Soundtrack,August 2026,https://store.steampowered.com/app/4713630/Pight_Soundtrack/?snr=1_7_7_comingsoon_150_97,August 2026,无,August 2026,无,,
4716150,CGCards Demo,August 2026,https://store.steampowered.com/app/4716150/CGCards_Demo/?snr=1_7_7_comingsoon_150_97,August 2026,无,August 2026,无,,
4720120,Just A Gun,August 2026,https://store.steampowered.com/app/4720120/Just_A_Gun/?snr=1_7_7_comingsoon_150_97,August 2026,12,August 2026,12,,
4803340,The Pay Window: 80s Wrestling Simulator Demo,August 2026,https://store.steampowered.com/app/4543330/The_Pay_Window_80s_Wrestling_Simulator/?snr=1_7_7_comingsoon_150_97,August 2026,无,August 2026,无,,
4769100,Halley's Bell,August 2026,https://store.steampowered.com/app/4769100/Halleys_Bell/?snr=1_7_7_comingsoon_150_97,August 2026,12,August 2026,12,,
4769880,hexGame: Hero Path Demo,August 2026,https://store.steampowered.com/app/4668470/hexGame_Hero_Path/?snr=1_7_7_comingsoon_150_97,August 2026,无,August 2026,无,,
4771310,MANDATUM,August 2026,https://store.steampowered.com/app/4771310/MANDATUM/?snr=1_7_7_comingsoon_150_97,August 2026,2,August 2026,2,,
4355200,Incredulity,August 2026,https://store.steampowered.com/app/4355200/Incredulity/?snr=1_7_7_comingsoon_150_98,August 2026,10,August 2026,10,,
4369050,WitchOver,August 2026,https://store.steampowered.com/app/4369050/WitchOver/?snr=1_7_7_comingsoon_150_98,August 2026,6,August 2026,6,,
3743730,混元灵印,August 2026,https://store.steampowered.com/app/3743730/_/?snr=1_7_7_comingsoon_150_98,August 2026,8,August 2026,8,,
4459360,Legend of Realm,August 2026,https://store.steampowered.com/app/4459360/Legend_of_Realm/?snr=1_7_7_comingsoon_150_98,August 2026,51,August 2026,51,,
4402820,WuLin Showdown,August 2026,https://store.steampowered.com/app/4402820/WuLin_Showdown/?snr=1_7_7_comingsoon_150_98,August 2026,67,August 2026,67,,
4403010,Pegs X Stickers,August 2026,https://store.steampowered.com/app/4403010/Pegs_X_Stickers/?snr=1_7_7_comingsoon_150_98,August 2026,149,August 2026,149,,
4386470,GlyphBound,August 2026,https://store.steampowered.com/app/4386470/GlyphBound/?snr=1_7_7_comingsoon_150_98,August 2026,13,August 2026,13,,
4527130,Launch Them All,August 2026,https://store.steampowered.com/app/4527130/Launch_Them_All/?snr=1_7_7_comingsoon_150_98,August 2026,21,August 2026,21,,
4530240,Dissolution of the Silent Union,August 2026,https://store.steampowered.com/app/4530240/Dissolution_of_the_Silent_Union/?snr=1_7_7_comingsoon_150_98,August 2026,115,August 2026,115,,
4406360,The Abandoned House in Yeongdeok,August 2026,https://store.steampowered.com/app/4406360/The_Abandoned_House_in_Yeongdeok/?snr=1_7_7_comingsoon_150_98,August 2026,无,August 2026,无,,
4409730,Flower Tower,August 2026,https://store.steampowered.com/app/4409730/Flower_Tower/?snr=1_7_7_comingsoon_150_98,August 2026,4,August 2026,4,,
4616210,Scarecrow Simulator,August 2026,https://store.steampowered.com/app/4616210/Scarecrow_Simulator/?snr=1_7_7_comingsoon_150_99,August 2026,5,August 2026,5,,
4623580,Purgatory Shift,August 2026,https://store.steampowered.com/app/4623580/Purgatory_Shift/?snr=1_7_7_comingsoon_150_99,August 2026,4,August 2026,4,,
4464810,The Time‑Stealing Cat,August 2026,https://store.steampowered.com/app/4464810/The_TimeStealing_Cat/?snr=1_7_7_comingsoon_150_99,August 2026,19,August 2026,19,,
4564930,Friend and foe,August 2026,https://store.steampowered.com/app/4564930/Friend_and_foe/?snr=1_7_7_comingsoon_150_99,August 2026,15,August 2026,15,,
4576040,东方,August 2026,https://store.steampowered.com/app/4576040/_/?snr=1_7_7_comingsoon_150_99,August 2026,5,August 2026,5,,
4476220,"Arcana, Gas &amp; Waterworks Inc.",August 2026,https://store.steampowered.com/app/4476220/Arcana_Gas__Waterworks_Inc/?snr=1_7_7_comingsoon_150_99,August 2026,11,August 2026,11,,
4480370,Let's Cook It!,August 2026,https://store.steampowered.com/app/4480370/Lets_Cook_It/?snr=1_7_7_comingsoon_150_99,August 2026,8,August 2026,8,,
4771630,Hang in there,August 2026,https://store.steampowered.com/app/4771630/Hang_in_there/?snr=1_7_7_comingsoon_150_99,August 2026,9,August 2026,9,,
4773320,Bet Shop Simulator Prologue,August 2026,https://store.steampowered.com/app/4773320/Bet_Shop_Simulator_Prologue/?snr=1_7_7_comingsoon_150_99,August 2026,6,August 2026,6,,
4785610,Descent of Yomi,August 2026,https://store.steampowered.com/app/4785610/Descent_of_Yomi/?snr=1_7_7_comingsoon_150_99,August 2026,3,August 2026,3,,
4787700,Automania Remastered,August 2026,https://store.steampowered.com/app/4787700/Automania_Remastered/?snr=1_7_7_comingsoon_150_99,August 2026,6,August 2026,6,,
4824560,Log of Adventurers,August 2026,https://store.steampowered.com/app/4824560/Log_of_Adventurers/?snr=1_7_7_comingsoon_150_99,August 2026,1,August 2026,1,,
4825430,Covid-26,August 2026,https://store.steampowered.com/app/4825430/Covid26/?snr=1_7_7_comingsoon_150_99,August 2026,无,August 2026,无,,
4795860,Break The Run,August 2026,https://store.steampowered.com/app/4795860/Break_The_Run/?snr=1_7_7_comingsoon_150_99,August 2026,1,August 2026,1,,
3850800,WakuWaku Park,August 2026,https://store.steampowered.com/app/3850800/WakuWaku_Park/?snr=1_7_7_comingsoon_150_100,August 2026,无,August 2026,无,,
3908940,Inferno Protocol,August 2026,https://store.steampowered.com/app/3908940/Inferno_Protocol/?snr=1_7_7_comingsoon_150_100,August 2026,973,August 2026,973,,
3532810,Gulltastrophe,August 2026,https://store.steampowered.com/app/3532810/Gulltastrophe/?snr=1_7_7_comingsoon_150_100,August 2026,无,August 2026,50,,
3544130,Soul Chained,August 2026,https://store.steampowered.com/app/3544130/Soul_Chained/?snr=1_7_7_comingsoon_150_100,August 2026,1288,August 2026,1288,,
3673500,BACKROOMS,August 2026,https://store.steampowered.com/app/3673500/BACKROOMS/?snr=1_7_7_comingsoon_150_100,August 2026,1249,August 2026,1249,,
3747200,PixARK - Terracrypt - Expansion Pack,August 2026,https://store.steampowered.com/app/3747200/PixARK__Terracrypt__Expansion_Pack/?snr=1_7_7_comingsoon_150_100,August 2026,无,August 2026,无,,
3199880,Airport Contraband: Prologue,August 2026,https://store.steampowered.com/app/3199880/Airport_Contraband_Prologue/?snr=1_7_7_comingsoon_150_100,August 2026,42,August 2026,42,,
3470550,"We, Junk Artists",August 2026,https://store.steampowered.com/app/3470550/We_Junk_Artists/?snr=1_7_7_comingsoon_150_100,August 2026,973,August 2026,973,,
4875420,Happy Digger Go-Go,August 2026,https://store.steampowered.com/app/4875420/Happy_Digger_GoGo/?snr=1_7_7_comingsoon_150_100,August 2026,2,August 2026,2,,
4543490,Infinite Museum,August 2026,https://store.steampowered.com/app/4543490/Infinite_Museum/?snr=1_7_7_comingsoon_150_100,August 2026,19,August 2026,19,,
4555470,Platformus,August 2026,https://store.steampowered.com/app/4555470/Platformus/?snr=1_7_7_comingsoon_150_100,August 2026,2,August 2026,2,,
4540340,Pixelora Tech Store,August 2026,https://store.steampowered.com/app/4540340/Pixelora_Tech_Store/?snr=1_7_7_comingsoon_150_100,August 2026,3,August 2026,3,,
4550500,Journey,August 2026,https://store.steampowered.com/app/4550500/Journey/?snr=1_7_7_comingsoon_150_100,August 2026,8,August 2026,8,,
4553190,Cellular Soup,August 2026,https://store.steampowered.com/app/4553190/Cellular_Soup/?snr=1_7_7_comingsoon_150_100,August 2026,28,August 2026,28,,
4545340,ZapStick,August 2026,https://store.steampowered.com/app/4545340/ZapStick/?snr=1_7_7_comingsoon_150_100,August 2026,2,August 2026,2,,
4547030,Formula: RPG,August 2026,https://store.steampowered.com/app/4547030/Formula_RPG/?snr=1_7_7_comingsoon_150_100,August 2026,19,August 2026,19,,
4904910,Football Dynasty Manager,August 2026,https://store.steampowered.com/app/4904910/Football_Dynasty_Manager/?snr=1_7_7_comingsoon_150_100,August 2026,3,August 2026,3,,
4867410,Cooking Buddies,August 2026,https://store.steampowered.com/app/4867410/Cooking_Buddies/?snr=1_7_7_comingsoon_150_100,August 2026,3,August 2026,3,,
4892800,BALL BOY Simulator,August 2026,https://store.steampowered.com/app/4892800/BALL_BOY_Simulator/?snr=1_7_7_comingsoon_150_100,August 2026,10,August 2026,10,,
4885880,Sky Scramble,August 2026,https://store.steampowered.com/app/4885880/Sky_Scramble/?snr=1_7_7_comingsoon_150_100,August 2026,5,August 2026,5,,
4864960,MAUS TRAP,August 2026,https://store.steampowered.com/app/4864960/MAUS_TRAP/?snr=1_7_7_comingsoon_150_100,August 2026,5,August 2026,5,,
4890980,Red Reconquest,August 2026,https://store.steampowered.com/app/4890980/Red_Reconquest/?snr=1_7_7_comingsoon_150_100,August 2026,1,August 2026,1,,
4615430,Chrono Mailbox,August 2026,https://store.steampowered.com/app/4615430/Chrono_Mailbox/?snr=1_7_7_comingsoon_150_101,August 2026,4,August 2026,4,,
4688770,Choice of Life: Floors - Wallpapers,August 2026,https://store.steampowered.com/app/4688770/Choice_of_Life_Floors__Wallpapers/?snr=1_7_7_comingsoon_150_101,August 2026,无,August 2026,无,,
4676130,That Time I Got Reincarnated as a Tyrant God,August 2026,https://store.steampowered.com/app/4676130/That_Time_I_Got_Reincarnated_as_a_Tyrant_God/?snr=1_7_7_comingsoon_150_101,August 2026,62,August 2026,62,,
4824900,Fantasy Air-Sea Battles Showdown,August 2026,https://store.steampowered.com/app/4824900/Fantasy_AirSea_Battles_Showdown/?snr=1_7_7_comingsoon_150_101,August 2026,6,August 2026,6,,
4816620,Max Diceman,August 2026,https://store.steampowered.com/app/4816620/Max_Diceman/?snr=1_7_7_comingsoon_150_101,August 2026,5,August 2026,5,,
4819820,Solipsistic,August 2026,https://store.steampowered.com/app/4819820/Solipsistic/?snr=1_7_7_comingsoon_150_101,August 2026,8,August 2026,8,,
4820280,DSS 2: War Industry - Supporter Pack,August 2026,https://store.steampowered.com/app/4820280/DSS_2_War_Industry__Supporter_Pack/?snr=1_7_7_comingsoon_150_101,August 2026,无,August 2026,无,,
4821530,Bjois,August 2026,https://store.steampowered.com/app/4821530/Bjois/?snr=1_7_7_comingsoon_150_101,August 2026,5,August 2026,5,,
4909940,Killdozer,August 2026,https://store.steampowered.com/app/4909940/Killdozer/?snr=1_7_7_comingsoon_150_102,August 2026,2,August 2026,2,,
4897270,Stella Supernova: The Astral Vale,August 2026,https://store.steampowered.com/app/4897270/Stella_Supernova_The_Astral_Vale/?snr=1_7_7_comingsoon_150_102,August 2026,1,August 2026,1,,
4897880,三国群英传之英雄传奇,August 2026,https://store.steampowered.com/app/4897880/_/?snr=1_7_7_comingsoon_150_102,August 2026,3,August 2026,3,,
566610,Agent Higgs 2,August 2026,https://store.steampowered.com/app/566610/Agent_Higgs_2/?snr=1_7_7_comingsoon_150_102,August 2026,2,August 2026,2,,
4798390,Cruise Hantavirus Simulator,August 2026,https://store.steampowered.com/app/4798390/Cruise_Hantavirus_Simulator/?snr=1_7_7_comingsoon_150_102,August 2026,2,August 2026,2,,
4792870,Checkpoint64 Full Access,August 2026,https://store.steampowered.com/app/4792870/Checkpoint64_Full_Access/?snr=1_7_7_comingsoon_150_102,August 2026,无,August 2026,无,,
4792880,Checkpoint64 Pro Access,August 2026,https://store.steampowered.com/app/4792880/Checkpoint64_Pro_Access/?snr=1_7_7_comingsoon_150_102,August 2026,无,August 2026,无,,
4731210,Antidote,August 2026,https://store.steampowered.com/app/4731210/Antidote/?snr=1_7_7_comingsoon_150_102,August 2026,7,August 2026,7,,
4755380,The Wickers House,August 2026,https://store.steampowered.com/app/4755380/The_Wickers_House/?snr=1_7_7_comingsoon_150_102,August 2026,8,August 2026,8,,
4585010,Jackpot Colosseum,August 2026,https://store.steampowered.com/app/4585010/Jackpot_Colosseum/?snr=1_7_7_comingsoon_150_102,August 2026,7,August 2026,7,,
4436580,All You Can FISH!,August 2026,https://store.steampowered.com/app/4436580/All_You_Can_FISH/?snr=1_7_7_comingsoon_150_103,August 2026,40,August 2026,40,,
4483210,The Too-Cute Girl Who Moved in Next Door,August 2026,https://store.steampowered.com/app/4483210/The_TooCute_Girl_Who_Moved_in_Next_Door/?snr=1_7_7_comingsoon_150_103,August 2026,480,August 2026,480,,
3293000,Sokobrane,August 2026,https://store.steampowered.com/app/3293000/Sokobrane/?snr=1_7_7_comingsoon_150_103,August 2026,1,August 2026,1,,
4906580,Picofender,August 2026,https://store.steampowered.com/app/4906580/Picofender/?snr=1_7_7_comingsoon_150_103,August 2026,1,August 2026,1,,
4854180,Dig for TCG Cards With Your Friends,August 2026,https://store.steampowered.com/app/4854180/Dig_for_TCG_Cards_With_Your_Friends/?snr=1_7_7_comingsoon_150_103,August 2026,2,August 2026,2,,
4776170,Rust Lords: Appliance Uprising,August 2026,https://store.steampowered.com/app/4776170/Rust_Lords_Appliance_Uprising/?snr=1_7_7_comingsoon_150_103,August 2026,1,August 2026,1,,
4898360,Cozy Cat Match,August 2026,https://store.steampowered.com/app/4898360/Cozy_Cat_Match/?snr=1_7_7_comingsoon_150_103,August 2026,2,August 2026,2,,
4671550,Survivor's Log: N17 Shelter Demo,August 2026,https://store.steampowered.com/app/4671550/Survivors_Log_N17_Shelter_Demo/?snr=1_7_7_comingsoon_150_103,August 2026,无,August 2026,无,,
4885350,Pelmee,August 2026,https://store.steampowered.com/app/4885350/Pelmee/?snr=1_7_7_comingsoon_150_103,August 2026,1,August 2026,1,,
4900990,MOR,August 2026,https://store.steampowered.com/app/4900990/MOR/?snr=1_7_7_comingsoon_150_103,August 2026,5,August 2026,5,,
2412960,Breathedge 2,August 2026,https://store.steampowered.com/app/2412960/Breathedge_2/?snr=1_7_7_comingsoon_150_103,August 2026,24769,August 2026,24769,,
2218060,Backdraft,August 2026,https://store.steampowered.com/app/2218060/Backdraft/?snr=1_7_7_comingsoon_150_103,August 2026,334,August 2026,334,,
2299940,The Button Effect,August 2026,https://store.steampowered.com/app/2299940/The_Button_Effect/?snr=1_7_7_comingsoon_150_103,August 2026,824,August 2026,824,,
3816000,Flowers and Deities,August 2026,https://store.steampowered.com/app/3816000/Flowers_and_Deities/?snr=1_7_7_comingsoon_150_103,August 2026,357,August 2026,357,,
4292950,Shao Song I,August 2026,https://store.steampowered.com/app/4292950/Shao_Song_I/?snr=1_7_7_comingsoon_150_103,August 2026,803,August 2026,803,,
4369130,Chop Chop Inc.,August 2026,https://store.steampowered.com/app/4369130/Chop_Chop_Inc/?snr=1_7_7_comingsoon_150_103,August 2026,3745,August 2026,3745,,
4216180,IGNOBLE,August 2026,https://store.steampowered.com/app/4216180/IGNOBLE/?snr=1_7_7_comingsoon_150_103,August 2026,533,August 2026,533,,
4741750,Chickzilla,August 2026,https://store.steampowered.com/app/4741750/Chickzilla/?snr=1_7_7_comingsoon_150_104,August 2026,2,August 2026,2,,
4656000,BOMBANANA!,August 2026,https://store.steampowered.com/app/4656000/BOMBANANA/?snr=1_7_7_comingsoon_150_104,August 2026,10871,August 2026,10871,,
4890760,THE DEAD WE KNEW: Open World Survival,August 2026,https://store.steampowered.com/app/4890760/THE_DEAD_WE_KNEW_Open_World_Survival/?snr=1_7_7_comingsoon_150_104,24 August 2026 – 10:00:00 UTC,546,24 August 2026 – 10:00:00 UTC,546,24 August 2026 – 10:00:00 UTC,546
2941500,FULL BET  - FIGHTING CASINO -,August 2026,https://store.steampowered.com/app/2941500/FULL_BET___FIGHTING_CASINO/?snr=1_7_7_comingsoon_150_104,August 2026,59,August 2026,59,,
3178930,Mark My Words,"31 Aug, 2026",https://store.steampowered.com/app/3178930/Mark_My_Words/?snr=1_7_7_comingsoon_150_104,31 August 2026 – 10:29:00 UTC,108,31 August 2026 – 10:29:00 UTC,108,31 August 2026 – 10:29:00 UTC,108
4734240,Crisis Cabinet,"31 Aug, 2026",https://store.steampowered.com/app/4734240/Crisis_Cabinet/?snr=1_7_7_comingsoon_150_104,31 August 2026 – 11:00:00 UTC,15,31 August 2026 – 11:00:00 UTC,15,31 August 2026 – 11:00:00 UTC,15
4228520,Iron Colony,"31 Aug, 2026",https://store.steampowered.com/app/4228520/Iron_Colony/?snr=1_7_7_comingsoon_150_104,31 August 2026 – 11:34:00 UTC,无,31 August 2026 – 11:34:00 UTC,无,31 August 2026 – 11:34:00 UTC,17
4280020,Last Light: Survival,"31 Aug, 2026",https://store.steampowered.com/app/4280020/Last_Light_Survival/?snr=1_7_7_comingsoon_150_104,31 August 2026 – 12:45:00 UTC,36,31 August 2026 – 12:45:00 UTC,36,31 August 2026 – 12:45:00 UTC,36
3635490,Orebits,"31 Aug, 2026",https://store.steampowered.com/app/3635490/Orebits/?snr=1_7_7_comingsoon_150_105,31 August 2026 – 13:00:00 UTC,103,31 August 2026 – 13:00:00 UTC,103,31 August 2026 – 13:00:00 UTC,103
3725650,Deliria,"31 Aug, 2026",https://store.steampowered.com/app/3725650/Deliria/?snr=1_7_7_comingsoon_150_105,31 August 2026 – 13:00:00 UTC,1425,31 August 2026 – 13:00:00 UTC,1425,31 August 2026 – 13:00:00 UTC,1425
3795550,Pocket Universe,"31 Aug, 2026",https://store.steampowered.com/app/3795550/Pocket_Universe/?snr=1_7_7_comingsoon_150_105,31 August 2026 – 14:25:00 UTC,15,31 August 2026 – 14:25:00 UTC,15,31 August 2026 – 14:25:00 UTC,15
2865450,Tokyo Desire : Deck Builders,"31 Aug, 2026",https://store.steampowered.com/app/2865450/Tokyo_Desire__Deck_Builders/?snr=1_7_7_comingsoon_150_105,31 August 2026 – 15:00:00 UTC,无,31 August 2026 – 15:00:00 UTC,112,31 August 2026 – 15:00:00 UTC,112
4311050,Legend of Idle,"31 Aug, 2026",https://store.steampowered.com/app/4311050/Legend_of_Idle/?snr=1_7_7_comingsoon_150_105,31 August 2026 – 15:45:00 UTC,90,31 August 2026 – 15:45:00 UTC,90,31 August 2026 – 15:45:00 UTC,90
3157010,Fantasy Waifu Collector,"31 Aug, 2026",https://store.steampowered.com/app/3157010/Fantasy_Waifu_Collector/?snr=1_7_7_comingsoon_150_105,31 August 2026 – 16:00:00 UTC,24,31 August 2026 – 16:00:00 UTC,24,31 August 2026 – 16:00:00 UTC,24
